Query_ID	Target_ID	Optimal_offset	p-value	E-value	q-value	Overlap	Query_consensus	Target_consensus	Orientation
HAWTNWBATRVAKWDAVAWAYWRWRADAAMMAWKHARADMA	GATA3_HUMAN.H11MO.0.A	-21	0.000113998	0.0457132	0.0897882	11	TAATATCATGGATTTAGAAATAAAGAGAACAATTAAGAGAA	AAAGATAAGAA	+
HAWTNWBATRVAKWDAVAWAYWRWRADAAMMAWKHARADMA	ZFP82_HUMAN.H11MO.0.C	-9	0.000362242	0.145259	0.12184	24	TAATATCATGGATTTAGAAATAAAGAGAACAATTAAGAGAA	GAAGAGAGAATTAGTGAAATGGAA	-
HAWTNWBATRVAKWDAVAWAYWRWRADAAMMAWKHARADMA	ANDR_HUMAN.H11MO.0.A	-23	0.000464078	0.186095	0.12184	18	TAATATCATGGATTTAGAAATAAAGAGAACAATTAAGAGAA	AGCAAACAAAAAAGAACA	-
HAWTNWBATRVAKWDAVAWAYWRWRADAAMMAWKHARADMA	FOXC1_HUMAN.H11MO.0.C	-19	0.00107616	0.431541	0.211904	15	TAATATCATGGATTTAGAAATAAAGAGAACAATTAAGAGAA	CTTAAGTAAACAACG	-
HAWTNWBATRVAKWDAVAWAYWRWRADAAMMAWKHARADMA	PRDM6_HUMAN.H11MO.0.C	-19	0.00148108	0.593911	0.233079	13	TAATATCATGGATTTAGAAATAAAGAGAACAATTAAGAGAA	AAAAAGAAAAAAA	+
HAWTNWBATRVAKWDAVAWAYWRWRADAAMMAWKHARADMA	Z354A_HUMAN.H11MO.0.C	-2	0.00177555	0.711996	0.233079	24	TAATATCATGGATTTAGAAATAAAGAGAACAATTAAGAGAA	ATTTAGTCCATTTACATTTAATGT	+
HAWTNWBATRVAKWDAVAWAYWRWRADAAMMAWKHARADMA	AIRE_HUMAN.H11MO.0.C	-16	0.00276258	1.10779	0.260621	18	TAATATCATGGATTTAGAAATAAAGAGAACAATTAAGAGAA	TTAACCAATAAAACCAAT	-
HAWTNWBATRVAKWDAVAWAYWRWRADAAMMAWKHARADMA	FOXJ3_HUMAN.H11MO.0.A	-27	0.00310123	1.24359	0.260621	13	TAATATCATGGATTTAGAAATAAAGAGAACAATTAAGAGAA	AAAAAATAAACAA	-
HAWTNWBATRVAKWDAVAWAYWRWRADAAMMAWKHARADMA	SPIB_HUMAN.H11MO.0.A	-1	0.00311732	1.25005	0.260621	17	TAATATCATGGATTTAGAAATAAAGAGAACAATTAAGAGAA	AAAAAGAGGAAGTGAAA	+
HAWTNWBATRVAKWDAVAWAYWRWRADAAMMAWKHARADMA	SPI1_HUMAN.H11MO.0.A	-1	0.00330894	1.32688	0.260621	17	TAATATCATGGATTTAGAAATAAAGAGAACAATTAAGAGAA	AAAAAGAGGAAGTGAAA	+
HAWTNWBATRVAKWDAVAWAYWRWRADAAMMAWKHARADMA	FOXI1_HUMAN.H11MO.0.B	-27	0.00405203	1.62486	0.28433	12	TAATATCATGGATTTAGAAATAAAGAGAACAATTAAGAGAA	GACCAATCAGAG	-
HAWTNWBATRVAKWDAVAWAYWRWRADAAMMAWKHARADMA	MEF2B_HUMAN.H11MO.0.A	-19	0.00461664	1.85127	0.28433	14	TAATATCATGGATTTAGAAATAAAGAGAACAATTAAGAGAA	CCAAAAATAGCAAC	-
HAWTNWBATRVAKWDAVAWAYWRWRADAAMMAWKHARADMA	NFAC1_HUMAN.H11MO.0.B	-13	0.00497972	1.99687	0.28433	15	TAATATCATGGATTTAGAAATAAAGAGAACAATTAAGAGAA	ATGGAAAAAAAGAAA	+
HAWTNWBATRVAKWDAVAWAYWRWRADAAMMAWKHARADMA	FOXQ1_HUMAN.H11MO.0.C	-22	0.00505392	2.02662	0.28433	12	TAATATCATGGATTTAGAAATAAAGAGAACAATTAAGAGAA	AAATAAACAATG	-
HAWTNWBATRVAKWDAVAWAYWRWRADAAMMAWKHARADMA	FOXK1_HUMAN.H11MO.0.A	-21	0.00567358	2.2751	0.297912	10	TAATATCATGGATTTAGAAATAAAGAGAACAATTAAGAGAA	AAAGTAAACA	-
HAWTNWBATRVAKWDAVAWAYWRWRADAAMMAWKHARADMA	SRY_HUMAN.H11MO.0.B	-16	0.00618865	2.48165	0.304647	9	TAATATCATGGATTTAGAAATAAAGAGAACAATTAAGAGAA	AAAACAAAA	-
HAWTNWBATRVAKWDAVAWAYWRWRADAAMMAWKHARADMA	ZFP28_HUMAN.H11MO.0.C	-5	0.0072936	2.92473	0.337921	20	TAATATCATGGATTTAGAAATAAAGAGAACAATTAAGAGAA	TGACACAAGAAGAAATAGAA	-
HAWTNWBATRVAKWDAVAWAYWRWRADAAMMAWKHARADMA	LEF1_HUMAN.H11MO.0.A	-27	0.00775837	3.11111	0.33799	14	TAATATCATGGATTTAGAAATAAAGAGAACAATTAAGAGAA	AGCAAATCAAAGGA	-
HAWTNWBATRVAKWDAVAWAYWRWRADAAMMAWKHARADMA	GATA6_HUMAN.H11MO.0.A	-28	0.00815333	3.26949	0.33799	13	TAATATCATGGATTTAGAAATAAAGAGAACAATTAAGAGAA	ACAGATAAGATAA	+
HAWTNWBATRVAKWDAVAWAYWRWRADAAMMAWKHARADMA	FOXP1_HUMAN.H11MO.0.A	-15	0.0140463	5.63258	0.522418	9	TAATATCATGGATTTAGAAATAAAGAGAACAATTAAGAGAA	ATAAACAAA	-
HAWTNWBATRVAKWDAVAWAYWRWRADAAMMAWKHARADMA	GATA1_HUMAN.H11MO.0.A	-6	0.0145179	5.82169	0.522418	19	TAATATCATGGATTTAGAAATAAAGAGAACAATTAAGAGAA	CTGGCGGGGACAGATAAGA	+
HAWTNWBATRVAKWDAVAWAYWRWRADAAMMAWKHARADMA	SOX2_HUMAN.H11MO.0.A	-15	0.0145921	5.85145	0.522418	13	TAATATCATGGATTTAGAAATAAAGAGAACAATTAAGAGAA	GAGAACAAAGGGA	-
HAWTNWBATRVAKWDAVAWAYWRWRADAAMMAWKHARADMA	ZN394_HUMAN.H11MO.0.C	-9	0.0153155	6.14153	0.524477	20	TAATATCATGGATTTAGAAATAAAGAGAACAATTAAGAGAA	AGAATGGAATAGAATGGAAT	+
HAWTNWBATRVAKWDAVAWAYWRWRADAAMMAWKHARADMA	FOXA1_HUMAN.H11MO.0.A	-19	0.0163894	6.57213	0.537864	12	TAATATCATGGATTTAGAAATAAAGAGAACAATTAAGAGAA	CCAAAGTAAACA	-
HAWTNWBATRVAKWDAVAWAYWRWRADAAMMAWKHARADMA	IRF1_HUMAN.H11MO.0.A	-21	0.0176742	7.08735	0.556828	20	TAATATCATGGATTTAGAAATAAAGAGAACAATTAAGAGAA	GAAAATGAAAGTGAAAGTAA	+
HAWTNWBATRVAKWDAVAWAYWRWRADAAMMAWKHARADMA	MEF2A_HUMAN.H11MO.0.A	-18	0.0199051	7.98196	0.561295	13	TAATATCATGGATTTAGAAATAAAGAGAACAATTAAGAGAA	GCTAAAAATAGAA	-
HAWTNWBATRVAKWDAVAWAYWRWRADAAMMAWKHARADMA	MEF2C_HUMAN.H11MO.0.A	-18	0.0199051	7.98196	0.561295	13	TAATATCATGGATTTAGAAATAAAGAGAACAATTAAGAGAA	GCTAAAAATAGCA	-
HAWTNWBATRVAKWDAVAWAYWRWRADAAMMAWKHARADMA	GATA2_HUMAN.H11MO.0.A	-6	0.0204546	8.20231	0.561295	19	TAATATCATGGATTTAGAAATAAAGAGAACAATTAAGAGAA	CTGGGGGGTGGAGATAAGG	+
HAWTNWBATRVAKWDAVAWAYWRWRADAAMMAWKHARADMA	BC11A_HUMAN.H11MO.0.A	-2	0.0206665	8.28728	0.561295	17	TAATATCATGGATTTAGAAATAAAGAGAACAATTAAGAGAA	AAAAGAGGAAGTGAAAA	+
HAWTNWBATRVAKWDAVAWAYWRWRADAAMMAWKHARADMA	ZN816_HUMAN.H11MO.0.C	-18	0.021981	8.81437	0.577095	21	TAATATCATGGATTTAGAAATAAAGAGAACAATTAAGAGAA	AAAAAAGGGGGACATGCAGGG	+
HAWTNWBATRVAKWDAVAWAYWRWRADAAMMAWKHARADMA	NKX32_HUMAN.H11MO.0.C	-26	0.0238384	9.55918	0.591331	10	TAATATCATGGATTTAGAAATAAAGAGAACAATTAAGAGAA	AAACACTTAA	-
HAWTNWBATRVAKWDAVAWAYWRWRADAAMMAWKHARADMA	FOXO4_HUMAN.H11MO.0.C	-23	0.0240248	9.63393	0.591331	9	TAATATCATGGATTTAGAAATAAAGAGAACAATTAAGAGAA	AATAAACAA	-
SCCCCMSCCCCCGCMCYSCCACKCMCCV	SP1_HUMAN.H11MO.0.A	-2	1.08619e-08	4.35562e-06	8.33842e-06	22	CCCCCCGCCCCCGCCCCGCCACGCCCCA	CCCCCCCCCGGCCCCGCCCCCC	-
SCCCCMSCCCCCGCMCYSCCACKCMCCV	SP3_HUMAN.H11MO.0.B	-2	2.564e-08	1.02816e-05	9.84162e-06	20	CCCCCCGCCCCCGCCCCGCCACGCCCCA	CCCCGGCCCCGCCCCCCCCC	-
SCCCCMSCCCCCGCMCYSCCACKCMCCV	SP2_HUMAN.H11MO.0.A	-1	5.1104e-08	2.04927e-05	1.30771e-05	22	CCCCCCGCCCCCGCCCCGCCACGCCCCA	CCCCCGGCCCCGCCCCCCCCCC	-
SCCCCMSCCCCCGCMCYSCCACKCMCCV	EGR1_HUMAN.H11MO.0.A	-1	1.2778e-07	5.124e-05	2.45235e-05	17	CCCCCCGCCCCCGCCCCGCCACGCCCCA	CCCCCGCCCACGCCCTC	-
SCCCCMSCCCCCGCMCYSCCACKCMCCV	KLF6_HUMAN.H11MO.0.A	-1	1.80921e-07	7.25495e-05	2.77778e-05	19	CCCCCCGCCCCCGCCCCGCCACGCCCCA	CCCCCGGCCCCGCCCTTCC	-
SCCCCMSCCCCCGCMCYSCCACKCMCCV	PATZ1_HUMAN.H11MO.0.C	-1	7.33062e-07	0.000293958	9.37925e-05	22	CCCCCCGCCCCCGCCCCGCCACGCCCCA	CCTCCCCCCCCGCCCCCTCCCC	-
SCCCCMSCCCCCGCMCYSCCACKCMCCV	KLF3_HUMAN.H11MO.0.B	-3	1.36336e-06	0.000546708	0.000149517	19	CCCCCCGCCCCCGCCCCGCCACGCCCCA	CCCGGCCCCGCCCCTCCCC	-
SCCCCMSCCCCCGCMCYSCCACKCMCCV	ZN467_HUMAN.H11MO.0.C	0	1.62784e-06	0.000652763	0.000156207	22	CCCCCCGCCCCCGCCCCGCCACGCCCCA	CCCCCCCCCCCCTCCCCTCCCC	-
SCCCCMSCCCCCGCMCYSCCACKCMCCV	KLF15_HUMAN.H11MO.0.A	-8	2.19116e-06	0.000878655	0.0001869	19	CCCCCCGCCCCCGCCCCGCCACGCCCCA	CCCCCCCCTGCTCCTCCCC	-
SCCCCMSCCCCCGCMCYSCCACKCMCCV	KLF1_HUMAN.H11MO.0.A	-3	3.43685e-06	0.00137818	0.000263839	14	CCCCCCGCCCCCGCCCCGCCACGCCCCA	CCCGGCCCCGCCCC	-
SCCCCMSCCCCCGCMCYSCCACKCMCCV	EGR2_HUMAN.H11MO.0.A	-2	3.99603e-06	0.00160241	0.000264127	18	CCCCCCGCCCCCGCCCCGCCACGCCCCA	CCCCTCCCACACCCCCCC	-
SCCCCMSCCCCCGCMCYSCCACKCMCCV	WT1_HUMAN.H11MO.0.C	-2	4.12872e-06	0.00165562	0.000264127	20	CCCCCCGCCCCCGCCCCGCCACGCCCCA	CCCCCCCTCCTCCCCCGCCC	-
SCCCCMSCCCCCGCMCYSCCACKCMCCV	MAZ_HUMAN.H11MO.0.A	-4	7.38877e-06	0.0029629	0.000436322	22	CCCCCCGCCCCCGCCCCGCCACGCCCCA	CCCCCCCCCCCCCCCCTCCCCC	-
SCCCCMSCCCCCGCMCYSCCACKCMCCV	VEZF1_HUMAN.H11MO.0.C	-2	8.4343e-06	0.00338215	0.000462487	22	CCCCCCGCCCCCGCCCCGCCACGCCCCA	CCCCTCCCCCTCCCCCCTCCCC	-
SCCCCMSCCCCCGCMCYSCCACKCMCCV	KLF12_HUMAN.H11MO.0.C	-7	4.39381e-05	0.0176192	0.00224868	11	CCCCCCGCCCCCGCCCCGCCACGCCCCA	GCCCCGCCCCT	-
SCCCCMSCCCCCGCMCYSCCACKCMCCV	ZN281_HUMAN.H11MO.0.A	-1	6.9181e-05	0.0277416	0.00331929	15	CCCCCCGCCCCCGCCCCGCCACGCCCCA	TCCCCTCCCCCACCC	-
SCCCCMSCCCCCGCMCYSCCACKCMCCV	ZN341_HUMAN.H11MO.0.C	3	0.00018953	0.0760015	0.00855869	19	CCCCCCGCCCCCGCCCCGCCACGCCCCA	GCTCTTCCCTCCCCCCCCCCCC	-
SCCCCMSCCCCCGCMCYSCCACKCMCCV	ZN263_HUMAN.H11MO.0.A	0	0.000224866	0.0901711	0.00959023	20	CCCCCCGCCCCCGCCCCGCCACGCCCCA	CTCCTCCTCTCCCTCCTCCC	-
SCCCCMSCCCCCGCMCYSCCACKCMCCV	KLF9_HUMAN.H11MO.0.C	0	0.000259771	0.104168	0.0104958	15	CCCCCCGCCCCCGCCCCGCCACGCCCCA	GGCCACGCCCCCTCC	-
SCCCCMSCCCCCGCMCYSCCACKCMCCV	ZN770_HUMAN.H11MO.0.C	3	0.000410528	0.164622	0.0157576	19	CCCCCCGCCCCCGCCCCGCCACGCCCCA	GATCCTCCCGCCTCAGCCTCCC	-
SCCCCMSCCCCCGCMCYSCCACKCMCCV	E2F6_HUMAN.H11MO.0.A	-4	0.000583454	0.233965	0.0213288	13	CCCCCCGCCCCCGCCCCGCCACGCCCCA	CCCTTCCCGCCCC	-
SCCCCMSCCCCCGCMCYSCCACKCMCCV	ZBT17_HUMAN.H11MO.0.A	1	0.000612197	0.245491	0.0213622	18	CCCCCCGCCCCCGCCCCGCCACGCCCCA	CTTCCCCTCCCCCACCCTC	-
SCCCCMSCCCCCGCMCYSCCACKCMCCV	SP4_HUMAN.H11MO.0.A	-3	0.000786511	0.315391	0.0262516	20	CCCCCCGCCCCCGCCCCGCCACGCCCCA	CCCGGCCCCGCCCCCTTCCC	-
SCCCCMSCCCCCGCMCYSCCACKCMCCV	SALL4_HUMAN.H11MO.0.B	-9	0.00126414	0.50692	0.0404355	10	CCCCCCGCCCCCGCCCCGCCACGCCCCA	CCCACCCTCC	-
SCCCCMSCCCCCGCMCYSCCACKCMCCV	COT1_HUMAN.H11MO.0.C	-2	0.00151112	0.60596	0.0464021	17	CCCCCCGCCCCCGCCCCGCCACGCCCCA	CCCTGACCTCTGACCCC	-
SCCCCMSCCCCCGCMCYSCCACKCMCCV	E2F1_HUMAN.H11MO.0.A	-5	0.0015893	0.637308	0.0469256	14	CCCCCCGCCCCCGCCCCGCCACGCCCCA	CTTTCCCGCCCCCC	-
SCCCCMSCCCCCGCMCYSCCACKCMCCV	FLI1_HUMAN.H11MO.0.A	0	0.00212395	0.851704	0.0597681	18	CCCCCCGCCCCCGCCCCGCCACGCCCCA	TCCCTCCTTCCTTCCTCC	-
SCCCCMSCCCCCGCMCYSCCACKCMCCV	USF2_HUMAN.H11MO.0.A	-5	0.00217996	0.874166	0.0597681	19	CCCCCCGCCCCCGCCCCGCCACGCCCCA	CGCCGCGGCCACGTGACCC	-
SCCCCMSCCCCCGCMCYSCCACKCMCCV	ZSC22_HUMAN.H11MO.0.C	-1	0.00249945	1.00228	0.0623671	16	CCCCCCGCCCCCGCCCCGCCACGCCCCA	CCTCCTCCCTCAGACC	-
SCCCCMSCCCCCGCMCYSCCACKCMCCV	E2F4_HUMAN.H11MO.0.A	-5	0.00250789	1.00566	0.0623671	13	CCCCCCGCCCCCGCCCCGCCACGCCCCA	ATTTCCCGCCCCC	-
SCCCCMSCCCCCGCMCYSCCACKCMCCV	RXRA_HUMAN.H11MO.0.A	-2	0.00251848	1.00991	0.0623671	20	CCCCCCGCCCCCGCCCCGCCACGCCCCA	CTCTGACCTCTGCCTCCCCC	-
SCCCCMSCCCCCGCMCYSCCACKCMCCV	KLF5_HUMAN.H11MO.0.A	-3	0.00264786	1.06179	0.0635219	14	CCCCCCGCCCCCGCCCCGCCACGCCCCA	CCCAGCCCCACCCT	-
SCCCCMSCCCCCGCMCYSCCACKCMCCV	MXI1_HUMAN.H11MO.0.A	-1	0.00304372	1.22053	0.0708058	15	CCCCCCGCCCCCGCCCCGCCACGCCCCA	CCCGCCGCCACGTGC	-
SCCCCMSCCCCCGCMCYSCCACKCMCCV	E2F7_HUMAN.H11MO.0.B	-4	0.00325649	1.30585	0.0735275	13	CCCCCCGCCCCCGCCCCGCCACGCCCCA	CCTTTCCCGCCCC	-
SCCCCMSCCCCCGCMCYSCCACKCMCCV	SRBP2_HUMAN.H11MO.0.B	-1	0.00447927	1.79619	0.0982467	13	CCCCCCGCCCCCGCCCCGCCACGCCCCA	CCTCACCCCACCC	-
SCCCCMSCCCCCGCMCYSCCACKCMCCV	MBD2_HUMAN.H11MO.0.B	-7	0.00660892	2.65018	0.140931	11	CCCCCCGCCCCCGCCCCGCCACGCCCCA	CCTCCGGCCCC	-
SCCCCMSCCCCCGCMCYSCCACKCMCCV	AP2B_HUMAN.H11MO.0.B	-6	0.00739154	2.96401	0.15336	10	CCCCCCGCCCCCGCCCCGCCACGCCCCA	GCCCCCGGGC	-
SCCCCMSCCCCCGCMCYSCCACKCMCCV	ASCL1_HUMAN.H11MO.0.A	-4	0.00780391	3.12937	0.154263	14	CCCCCCGCCCCCGCCCCGCCACGCCCCA	CTGCACCTGCTCCC	+
SCCCCMSCCCCCGCMCYSCCACKCMCCV	KLF4_HUMAN.H11MO.0.A	-7	0.00794384	3.18548	0.154263	10	CCCCCCGCCCCCGCCCCGCCACGCCCCA	GCCACACCCT	-
SCCCCMSCCCCCGCMCYSCCACKCMCCV	TAF1_HUMAN.H11MO.0.A	-1	0.00803789	3.2232	0.154263	16	CCCCCCGCCCCCGCCCCGCCACGCCCCA	CCGCCGCCGCCATCTT	-
SCCCCMSCCCCCGCMCYSCCACKCMCCV	MYOG_HUMAN.H11MO.0.B	-4	0.00826389	3.31382	0.154732	13	CCCCCCGCCCCCGCCCCGCCACGCCCCA	CCGCAGCTGTCCC	+
SCCCCMSCCCCCGCMCYSCCACKCMCCV	ZN331_HUMAN.H11MO.0.C	0	0.00854238	3.4255	0.156138	20	CCCCCCGCCCCCGCCCCGCCACGCCCCA	CCACCCAGCTGAGCCCAGCC	-
SCCCCMSCCCCCGCMCYSCCACKCMCCV	PTF1A_HUMAN.H11MO.0.B	0	0.0111039	4.45266	0.198237	18	CCCCCCGCCCCCGCCCCGCCACGCCCCA	CCAGCTGCCCCCTTTCCC	+
SCCCCMSCCCCCGCMCYSCCACKCMCCV	ZFX_HUMAN.H11MO.0.A	-3	0.01695	6.79696	0.29573	10	CCCCCCGCCCCCGCCCCGCCACGCCCCA	CCAGGCCCCG	+
SCCCCMSCCCCCGCMCYSCCACKCMCCV	PBX3_HUMAN.H11MO.0.A	-14	0.0173593	6.9611	0.296141	11	CCCCCCGCCCCCGCCCCGCCACGCCCCA	CCTGTCAATCA	-
SCCCCMSCCCCCGCMCYSCCACKCMCCV	CTCF_HUMAN.H11MO.0.A	-2	0.0180013	7.21851	0.297845	19	CCCCCCGCCCCCGCCCCGCCACGCCCCA	TGGCGCCCCCTGGTGGCCA	-
SCCCCMSCCCCCGCMCYSCCACKCMCCV	NRF1_HUMAN.H11MO.0.A	-1	0.0182351	7.31229	0.297845	17	CCCCCCGCCCCCGCCCCGCCACGCCCCA	CCTGCGCATGCGCAGTG	-
SCCCCMSCCCCCGCMCYSCCACKCMCCV	CTCFL_HUMAN.H11MO.0.A	-2	0.0191302	7.6712	0.305954	17	CCCCCCGCCCCCGCCCCGCCACGCCCCA	CGGCGCCCCCTGGCGGC	-
SCCCCMSCCCCCGCMCYSCCACKCMCCV	TFDP1_HUMAN.H11MO.0.C	-5	0.0210384	8.43639	0.329606	14	CCCCCCGCCCCCGCCCCGCCACGCCCCA	TTTTCCCGCCCCCC	-
SCCCCMSCCCCCGCMCYSCCACKCMCCV	STAT1_HUMAN.H11MO.0.A	-7	0.0215412	8.63803	0.330734	19	CCCCCCGCCCCCGCCCCGCCACGCCCCA	CCCCTTTCCTGGAAATCAC	+
WKTVTRTBDTCAYATTATARBTRAKGMA	FOXK1_HUMAN.H11MO.0.A	-6	0.00465418	1.86633	1	10	AGTGTGTGATCACATTATAGCTAAGGAA	TGTTTACTTT	+
WKTVTRTBDTCAYATTATARBTRAKGMA	DUX4_HUMAN.H11MO.0.A	-6	0.00775031	3.10787	1	11	AGTGTGTGATCACATTATAGCTAAGGAA	TGATTAGGTTA	+
WKTVTRTBDTCAYATTATARBTRAKGMA	TBP_HUMAN.H11MO.0.A	-10	0.0102973	4.12923	1	10	AGTGTGTGATCACATTATAGCTAAGGAA	CCTTTTATAG	-
WKTVTRTBDTCAYATTATARBTRAKGMA	SIX1_HUMAN.H11MO.0.A	-5	0.0159746	6.40581	1	14	AGTGTGTGATCACATTATAGCTAAGGAA	GGTATCAGGTTTCA	-
WKTVTRTBDTCAYATTATARBTRAKGMA	Z354A_HUMAN.H11MO.0.C	-3	0.0170188	6.82454	1	24	AGTGTGTGATCACATTATAGCTAAGGAA	ATTTAGTCCATTTACATTTAATGT	+
WKTVTRTBDTCAYATTATARBTRAKGMA	EVI1_HUMAN.H11MO.0.B	-2	0.0180157	7.22428	1	16	AGTGTGTGATCACATTATAGCTAAGGAA	TATCTTATCTTATCTT	-
WKTVTRTBDTCAYATTATARBTRAKGMA	HXC9_HUMAN.H11MO.0.C	-12	0.0187771	7.52964	1	10	AGTGTGTGATCACATTATAGCTAAGGAA	TTTTATTGCC	+
WKTVTRTBDTCAYATTATARBTRAKGMA	ALX1_HUMAN.H11MO.0.B	-6	0.0194463	7.79795	1	12	AGTGTGTGATCACATTATAGCTAAGGAA	TAATCCAATTAT	-
WKTVTRTBDTCAYATTATARBTRAKGMA	LEF1_HUMAN.H11MO.0.A	-13	0.0197608	7.9241	1	14	AGTGTGTGATCACATTATAGCTAAGGAA	AGCAAATCAAAGGA	-
WKTVTRTBDTCAYATTATARBTRAKGMA	STA5B_HUMAN.H11MO.0.A	-16	0.0218074	8.74475	1	12	AGTGTGTGATCACATTATAGCTAAGGAA	ATTTCTAAGAAA	-
WKTVTRTBDTCAYATTATARBTRAKGMA	HLF_HUMAN.H11MO.0.C	-7	0.0228725	9.17187	1	13	AGTGTGTGATCACATTATAGCTAAGGAA	GATTACGTAACAG	+
AMAYWAAATAWATRWAMTC	Z354A_HUMAN.H11MO.0.C	0	7.68178e-05	0.0308039	0.0567802	19	ACACTAAATAAATATAATC	ACATTAAATGTAAATGGACTAAAT	-
AMAYWAAATAWATRWAMTC	FOXJ2_HUMAN.H11MO.0.C	-4	0.000144923	0.0581142	0.0567802	10	ACACTAAATAAATATAATC	TAAATAAACA	-
AMAYWAAATAWATRWAMTC	HNF6_HUMAN.H11MO.0.B	-5	0.000270111	0.108315	0.0705521	11	ACACTAAATAAATATAATC	AAATCAATAAA	-
AMAYWAAATAWATRWAMTC	LHX3_HUMAN.H11MO.0.C	-2	0.00063891	0.256203	0.125161	13	ACACTAAATAAATATAATC	ATTAATTAATTTT	-
AMAYWAAATAWATRWAMTC	ZNF85_HUMAN.H11MO.0.C	0	0.00152472	0.611413	0.215538	19	ACACTAAATAAATATAATC	ATAGAAAACTGAAGTAATCT	+
AMAYWAAATAWATRWAMTC	FOXJ3_HUMAN.H11MO.0.A	-4	0.00165039	0.661807	0.215538	13	ACACTAAATAAATATAATC	AAAAAATAAACAA	-
AMAYWAAATAWATRWAMTC	AIRE_HUMAN.H11MO.0.C	-4	0.00268299	1.07588	0.300338	15	ACACTAAATAAATATAATC	TTAACCAATAAAACCAAT	-
AMAYWAAATAWATRWAMTC	CDX2_HUMAN.H11MO.0.A	-5	0.00320968	1.28708	0.308689	12	ACACTAAATAAATATAATC	ACAGCAATAAAA	-
AMAYWAAATAWATRWAMTC	CDX1_HUMAN.H11MO.0.C	-5	0.00466562	1.87091	0.358296	8	ACACTAAATAAATATAATC	ACATAAAT	-
AMAYWAAATAWATRWAMTC	GATA3_HUMAN.H11MO.0.A	-5	0.0065967	2.64527	0.358296	11	ACACTAAATAAATATAATC	AAAGATAAGAA	+
AMAYWAAATAWATRWAMTC	ANDR_HUMAN.H11MO.0.A	-2	0.00748999	3.00349	0.358296	17	ACACTAAATAAATATAATC	AGCAAACAAAAAAGAACA	-
AMAYWAAATAWATRWAMTC	FOXA1_HUMAN.H11MO.0.A	-2	0.00826826	3.31557	0.358296	12	ACACTAAATAAATATAATC	CCAAAGTAAACA	-
AMAYWAAATAWATRWAMTC	MEF2B_HUMAN.H11MO.0.A	-3	0.00856219	3.43344	0.358296	14	ACACTAAATAAATATAATC	CCAAAAATAGCAAC	-
AMAYWAAATAWATRWAMTC	PIT1_HUMAN.H11MO.0.C	-4	0.00865267	3.46972	0.358296	13	ACACTAAATAAATATAATC	CTCATGAATATAT	+
AMAYWAAATAWATRWAMTC	HXB7_HUMAN.H11MO.0.C	-1	0.00906777	3.63618	0.358296	10	ACACTAAATAAATATAATC	CATTAATCAA	-
AMAYWAAATAWATRWAMTC	FOXA3_HUMAN.H11MO.0.B	-3	0.00916216	3.67402	0.358296	13	ACACTAAATAAATATAATC	CAAAGTAAACAAG	-
AMAYWAAATAWATRWAMTC	HNF1A_HUMAN.H11MO.0.C	-2	0.00927297	3.71846	0.358296	15	ACACTAAATAAATATAATC	AGTTAATCATTAACC	-
AMAYWAAATAWATRWAMTC	ZFP82_HUMAN.H11MO.0.C	2	0.00930139	3.72986	0.358296	19	ACACTAAATAAATATAATC	GAAGAGAGAATTAGTGAAATGGAA	-
AMAYWAAATAWATRWAMTC	ZNF8_HUMAN.H11MO.0.C	1	0.0102391	4.10589	0.358296	19	ACACTAAATAAATATAATC	TCCATTGTATGGATATACCACA	-
AMAYWAAATAWATRWAMTC	FOXC1_HUMAN.H11MO.0.C	-2	0.0103063	4.13283	0.358296	15	ACACTAAATAAATATAATC	CTTAAGTAAACAACG	-
AMAYWAAATAWATRWAMTC	HXA10_HUMAN.H11MO.0.C	0	0.0105167	4.21721	0.358296	12	ACACTAAATAAATATAATC	TCATAAATCATC	-
AMAYWAAATAWATRWAMTC	LHX2_HUMAN.H11MO.0.A	-1	0.0105167	4.21721	0.358296	12	ACACTAAATAAATATAATC	AACTAATTAAAA	-
AMAYWAAATAWATRWAMTC	ZN502_HUMAN.H11MO.0.C	1	0.0111789	4.48275	0.361904	19	ACACTAAATAAATATAATC	GAATGGAATCGAATGGAATC	+
AMAYWAAATAWATRWAMTC	FOXQ1_HUMAN.H11MO.0.C	-5	0.0118365	4.74644	0.361904	12	ACACTAAATAAATATAATC	AAATAAACAATG	-
AMAYWAAATAWATRWAMTC	NOBOX_HUMAN.H11MO.0.C	-2	0.0120082	4.81529	0.361904	9	ACACTAAATAAATATAATC	ACCAATTAG	-
AMAYWAAATAWATRWAMTC	FOXK1_HUMAN.H11MO.0.A	0	0.0143856	5.76863	0.41391	10	ACACTAAATAAATATAATC	AAAGTAAACA	-
AMAYWAAATAWATRWAMTC	SRY_HUMAN.H11MO.0.B	-4	0.0147902	5.93088	0.41391	9	ACACTAAATAAATATAATC	AAAACAAAA	-
AMAYWAAATAWATRWAMTC	MEF2D_HUMAN.H11MO.0.A	-3	0.0158106	6.34005	0.427208	12	ACACTAAATAAATATAATC	CTAAAAATAGCA	-
AMAYWAAATAWATRWAMTC	NKX61_HUMAN.H11MO.0.B	0	0.0174113	6.98193	0.454777	19	ACACTAAATAAATATAATC	CATTAAATTCCCATTAATC	-
AMAYWAAATAWATRWAMTC	FOXO4_HUMAN.H11MO.0.C	-6	0.0181578	7.28128	0.456339	9	ACACTAAATAAATATAATC	AATAAACAA	-
AMAYWAAATAWATRWAMTC	HXA13_HUMAN.H11MO.0.C	-8	0.0189158	7.58522	0.456339	11	ACACTAAATAAATATAATC	CCAATAAAACC	-
AMAYWAAATAWATRWAMTC	PBX2_HUMAN.H11MO.0.C	-5	0.0200127	8.0251	0.456339	14	ACACTAAATAAATATAATC	CCATCAATCAATTTA	-
AMAYWAAATAWATRWAMTC	BATF_HUMAN.H11MO.0.A	0	0.020346	8.15873	0.456339	18	ACACTAAATAAATATAATC	ACTTTCGATATGACTCAT	+
AMAYWAAATAWATRWAMTC	NFAC1_HUMAN.H11MO.0.B	-2	0.0210268	8.43174	0.456339	15	ACACTAAATAAATATAATC	ATGGAAAAAAAGAAA	+
AMAYWAAATAWATRWAMTC	SMCA5_HUMAN.H11MO.0.C	-4	0.0210268	8.43174	0.456339	15	ACACTAAATAAATATAATC	GAATGGAATGGAATC	+
AMAYWAAATAWATRWAMTC	PRRX2_HUMAN.H11MO.0.C	-3	0.0217934	8.73915	0.456339	7	ACACTAAATAAATATAATC	TTAATTG	+
AMAYWAAATAWATRWAMTC	FOXA2_HUMAN.H11MO.0.A	-2	0.02213	8.87415	0.456339	12	ACACTAAATAAATATAATC	GCTAAGTAAACA	-
TTTCWHRTYTT	NFAC1_HUMAN.H11MO.0.B	0	0.000192458	0.0771758	0.151828	11	TTTCACATTTT	TTTCTTTTTTTCCAT	-
TTTCWHRTYTT	EVI1_HUMAN.H11MO.0.B	5	0.0010283	0.412349	0.301433	11	TTTCACATTTT	TATCTTATCTTATCTT	-
TTTCWHRTYTT	BRAC_HUMAN.H11MO.0.A	1	0.00207682	0.832806	0.301433	11	TTTCACATTTT	ATTTCACACCTCCCTGCTAA	-
TTTCWHRTYTT	GATA3_HUMAN.H11MO.0.A	-1	0.002189	0.877791	0.301433	10	TTTCACATTTT	TTCTTATCTTT	-
TTTCWHRTYTT	PRDM1_HUMAN.H11MO.0.A	4	0.00262265	1.05168	0.301433	10	TTTCACATTTT	TCACTTTCACTTTC	-
TTTCWHRTYTT	BC11A_HUMAN.H11MO.0.A	1	0.00350303	1.40472	0.301433	11	TTTCACATTTT	TTTTCACTTCCTCTTTT	-
TTTCWHRTYTT	GATA6_HUMAN.H11MO.0.A	1	0.00353437	1.41728	0.301433	11	TTTCACATTTT	TTATCTTATCTGT	-
TTTCWHRTYTT	IRF1_HUMAN.H11MO.0.A	10	0.00396015	1.58802	0.301433	10	TTTCACATTTT	TTACTTTCACTTTCATTTTC	-
TTTCWHRTYTT	MEF2B_HUMAN.H11MO.0.A	1	0.00418653	1.6788	0.301433	11	TTTCACATTTT	GTTGCTATTTTTGG	+
TTTCWHRTYTT	IRF2_HUMAN.H11MO.0.A	10	0.00424584	1.70258	0.301433	10	TTTCACATTTT	TTACTTTCACTTTCACTTTC	-
TTTCWHRTYTT	STAT2_HUMAN.H11MO.0.A	7	0.00541444	2.17119	0.301433	11	TTTCACATTTT	CTTTCAGTTTCATTTTCCT	-
TTTCWHRTYTT	LEF1_HUMAN.H11MO.0.A	3	0.00541518	2.17149	0.301433	11	TTTCACATTTT	TCCTTTGATTTGCT	+
TTTCWHRTYTT	IRF8_HUMAN.H11MO.0.B	4	0.0055835	2.23898	0.301433	11	TTTCACATTTT	TTACTTTCACTTCCTCTTTT	-
TTTCWHRTYTT	SPIB_HUMAN.H11MO.0.A	0	0.00560847	2.249	0.301433	11	TTTCACATTTT	TTTCACTTCCTCTTTTT	-
TTTCWHRTYTT	OLIG2_HUMAN.H11MO.0.B	7	0.00633157	2.53896	0.301433	11	TTTCACATTTT	CCAGCTGTTTCCCTTCTG	+
TTTCWHRTYTT	TBX21_HUMAN.H11MO.0.A	-1	0.00667694	2.67745	0.301433	10	TTTCACATTTT	TTCACACCTCCAC	-
TTTCWHRTYTT	SPI1_HUMAN.H11MO.0.A	6	0.00726163	2.91192	0.301433	11	TTTCACATTTT	TTTCACTTCCTCTTTTT	-
TTTCWHRTYTT	PRDM6_HUMAN.H11MO.0.C	2	0.00755495	3.02953	0.301433	11	TTTCACATTTT	TTTTTTTCTTTTT	-
TTTCWHRTYTT	ETV2_HUMAN.H11MO.0.B	4	0.00765528	3.06977	0.301433	11	TTTCACATTTT	CCCACTTCCTGTTTCC	-
TTTCWHRTYTT	HNF6_HUMAN.H11MO.0.B	0	0.00802406	3.21765	0.301433	11	TTTCACATTTT	TTTATTGATTT	+
TTTCWHRTYTT	E2F3_HUMAN.H11MO.0.A	0	0.00802406	3.21765	0.301433	11	TTTCACATTTT	TTTCCCGCCCT	-
TTTCWHRTYTT	IRF4_HUMAN.H11MO.0.A	2	0.0118989	4.77147	0.426679	11	TTTCACATTTT	AGTTTCACTTCCTCTTTT	-
TTTCWHRTYTT	OZF_HUMAN.H11MO.0.C	1	0.0146378	5.86976	0.50207	11	TTTCACATTTT	TTTTCATGGCTGCATAGTATTCCA	+
TTTCWHRTYTT	IRF7_HUMAN.H11MO.0.C	0	0.0208714	8.36941	0.629773	10	TTTCACATTTT	TTTCACTTTC	-
TTTCWHRTYTT	Z354A_HUMAN.H11MO.0.C	9	0.021111	8.46552	0.629773	11	TTTCACATTTT	ATTTAGTCCATTTACATTTAATGT	+
TTTCWHRTYTT	ANDR_HUMAN.H11MO.0.A	5	0.0215591	8.64518	0.629773	11	TTTCACATTTT	TGTTCTTTTTTGTTTGCT	+
TTTCWHRTYTT	COT2_HUMAN.H11MO.0.A	2	0.0218158	8.74813	0.629773	11	TTTCACATTTT	CCTCTGACCTTTG	-
TTTCWHRTYTT	TCF7_HUMAN.H11MO.0.A	4	0.0237535	9.52516	0.629773	11	TTTCACATTTT	TTCCTTTGATGTGGTT	-
TTTCWHRTYTT	FOXJ3_HUMAN.H11MO.0.A	2	0.0243844	9.77815	0.629773	11	TTTCACATTTT	TTGTTTATTTTTT	+
TTTCWHRTYTT	MEF2A_HUMAN.H11MO.0.A	-1	0.0243844	9.77815	0.629773	10	TTTCACATTTT	TTCTATTTTTAGC	+
TTTCWHRTYTT	CEBPE_HUMAN.H11MO.0.A	0	0.0247474	9.92371	0.629773	11	TTTCACATTTT	TTGCGCAATCTT	+
CBSCCCBCCNCHCCCCNCTCC	ZN263_HUMAN.H11MO.0.A	-2	1.2689e-07	5.08829e-05	9.63329e-05	19	CTGCCCTCCCCACCCCCCTCC	CTCCTCCTCTCCCTCCTCCC	-
CBSCCCBCCNCHCCCCNCTCC	ZN467_HUMAN.H11MO.0.C	-1	3.10373e-07	0.000124459	0.000117815	20	CTGCCCTCCCCACCCCCCTCC	CCCCCCCCCCCCTCCCCTCCCC	-
CBSCCCBCCNCHCCCCNCTCC	VEZF1_HUMAN.H11MO.0.C	-1	8.44979e-07	0.000338837	0.000186308	20	CTGCCCTCCCCACCCCCCTCC	CCCCTCCCCCTCCCCCCTCCCC	-
CBSCCCBCCNCHCCCCNCTCC	WT1_HUMAN.H11MO.0.C	-2	1.0029e-06	0.000402164	0.000186308	19	CTGCCCTCCCCACCCCCCTCC	CCCCCCCTCCTCCCCCGCCC	-
CBSCCCBCCNCHCCCCNCTCC	MAZ_HUMAN.H11MO.0.A	-2	1.22703e-06	0.000492038	0.000186308	19	CTGCCCTCCCCACCCCCCTCC	CCCCCCCCCCCCCCCCTCCCCC	-
CBSCCCBCCNCHCCCCNCTCC	SP3_HUMAN.H11MO.0.B	-1	1.59939e-06	0.000641357	0.000202372	20	CTGCCCTCCCCACCCCCCTCC	CCCCGGCCCCGCCCCCCCCC	-
CBSCCCBCCNCHCCCCNCTCC	PATZ1_HUMAN.H11MO.0.C	-1	4.78632e-06	0.00191931	0.000519099	20	CTGCCCTCCCCACCCCCCTCC	CCTCCCCCCCCGCCCCCTCCCC	-
CBSCCCBCCNCHCCCCNCTCC	SP2_HUMAN.H11MO.0.A	0	5.88808e-06	0.00236112	0.000558767	21	CTGCCCTCCCCACCCCCCTCC	CCCCCGGCCCCGCCCCCCCCCC	-
CBSCCCBCCNCHCCCCNCTCC	KLF15_HUMAN.H11MO.0.A	-4	7.53321e-06	0.00302082	0.000610015	17	CTGCCCTCCCCACCCCCCTCC	CCCCCCCCTGCTCCTCCCC	-
CBSCCCBCCNCHCCCCNCTCC	ZN281_HUMAN.H11MO.0.A	-6	8.03515e-06	0.00322209	0.000610015	15	CTGCCCTCCCCACCCCCCTCC	TCCCCTCCCCCACCC	-
CBSCCCBCCNCHCCCCNCTCC	ZN341_HUMAN.H11MO.0.C	1	1.4117e-05	0.00566091	0.000974308	21	CTGCCCTCCCCACCCCCCTCC	GCTCTTCCCTCCCCCCCCCCCC	-
CBSCCCBCCNCHCCCCNCTCC	SP1_HUMAN.H11MO.0.A	-3	3.06458e-05	0.012289	0.00193882	18	CTGCCCTCCCCACCCCCCTCC	CCCCCCCCCGGCCCCGCCCCCC	-
CBSCCCBCCNCHCCCCNCTCC	SALL4_HUMAN.H11MO.0.B	-8	7.47936e-05	0.0299922	0.00435418	10	CTGCCCTCCCCACCCCCCTCC	CCCACCCTCC	-
CBSCCCBCCNCHCCCCNCTCC	FLI1_HUMAN.H11MO.0.A	-3	8.02948e-05	0.0321982	0.00435418	18	CTGCCCTCCCCACCCCCCTCC	TCCCTCCTTCCTTCCTCC	-
CBSCCCBCCNCHCCCCNCTCC	KLF3_HUMAN.H11MO.0.B	-2	0.000109198	0.0437883	0.00552174	19	CTGCCCTCCCCACCCCCCTCC	CCCGGCCCCGCCCCTCCCC	-
CBSCCCBCCNCHCCCCNCTCC	ZBT17_HUMAN.H11MO.0.A	-4	0.000116372	0.0466652	0.00552174	17	CTGCCCTCCCCACCCCCCTCC	CTTCCCCTCCCCCACCCTC	-
CBSCCCBCCNCHCCCCNCTCC	TBX3_HUMAN.H11MO.0.C	-10	0.000141269	0.056649	0.00630878	11	CTGCCCTCCCCACCCCCCTCC	TTCCCACCTCC	-
CBSCCCBCCNCHCCCCNCTCC	SRBP2_HUMAN.H11MO.0.B	-7	0.000184732	0.0740776	0.00779142	13	CTGCCCTCCCCACCCCCCTCC	CCTCACCCCACCC	-
CBSCCCBCCNCHCCCCNCTCC	RXRA_HUMAN.H11MO.0.A	2	0.000209224	0.0838986	0.00835995	18	CTGCCCTCCCCACCCCCCTCC	CTCTGACCTCTGCCTCCCCC	-
CBSCCCBCCNCHCCCCNCTCC	SP4_HUMAN.H11MO.0.A	-3	0.000398291	0.159715	0.0151188	18	CTGCCCTCCCCACCCCCCTCC	CCCGGCCCCGCCCCCTTCCC	-
CBSCCCBCCNCHCCCCNCTCC	EGR2_HUMAN.H11MO.0.A	-3	0.00059517	0.238663	0.0215164	18	CTGCCCTCCCCACCCCCCTCC	CCCCTCCCACACCCCCCC	-
CBSCCCBCCNCHCCCCNCTCC	E2F6_HUMAN.H11MO.0.A	-7	0.000725509	0.290929	0.0250361	13	CTGCCCTCCCCACCCCCCTCC	CCCTTCCCGCCCC	-
CBSCCCBCCNCHCCCCNCTCC	NR1D1_HUMAN.H11MO.0.B	-4	0.000939836	0.376874	0.0310221	17	CTGCCCTCCCCACCCCCCTCC	CCTTCTGACCCACTTCCCT	-
CBSCCCBCCNCHCCCCNCTCC	TAL1_HUMAN.H11MO.0.A	-4	0.000993939	0.39857	0.0314409	17	CTGCCCTCCCCACCCCCCTCC	CCTTATCTGCCCCCCCCAG	-
CBSCCCBCCNCHCCCCNCTCC	E2F7_HUMAN.H11MO.0.B	-7	0.00111215	0.445973	0.0337731	13	CTGCCCTCCCCACCCCCCTCC	CCTTTCCCGCCCC	-
CBSCCCBCCNCHCCCCNCTCC	COT1_HUMAN.H11MO.0.C	-3	0.00137042	0.549537	0.0400153	17	CTGCCCTCCCCACCCCCCTCC	CCCTGACCTCTGACCCC	-
CBSCCCBCCNCHCCCCNCTCC	RARA_HUMAN.H11MO.0.A	2	0.00149789	0.600653	0.0418769	18	CTGCCCTCCCCACCCCCCTCC	CCTTGACCTCTTGATCCCCC	-
CBSCCCBCCNCHCCCCNCTCC	KLF6_HUMAN.H11MO.0.A	0	0.00154449	0.619342	0.0418769	19	CTGCCCTCCCCACCCCCCTCC	CCCCCGGCCCCGCCCTTCC	-
CBSCCCBCCNCHCCCCNCTCC	E2F1_HUMAN.H11MO.0.A	-7	0.00175234	0.702688	0.0458741	14	CTGCCCTCCCCACCCCCCTCC	CTTTCCCGCCCCCC	-
CBSCCCBCCNCHCCCCNCTCC	EGR1_HUMAN.H11MO.0.A	-4	0.00204722	0.820935	0.0494919	17	CTGCCCTCCCCACCCCCCTCC	CCCCCGCCCACGCCCTC	-
CBSCCCBCCNCHCCCCNCTCC	TAF1_HUMAN.H11MO.0.A	-4	0.00207722	0.832965	0.0494919	16	CTGCCCTCCCCACCCCCCTCC	CCGCCGCCGCCATCTT	-
CBSCCCBCCNCHCCCCNCTCC	SMAD3_HUMAN.H11MO.0.B	-8	0.00208611	0.83653	0.0494919	12	CTGCCCTCCCCACCCCCCTCC	CTCTGTCACCTG	+
CBSCCCBCCNCHCCCCNCTCC	E2F4_HUMAN.H11MO.0.A	-8	0.0022077	0.885287	0.0507894	13	CTGCCCTCCCCACCCCCCTCC	ATTTCCCGCCCCC	-
CBSCCCBCCNCHCCCCNCTCC	THB_HUMAN.H11MO.0.C	-1	0.00229151	0.918895	0.0511669	17	CTGCCCTCCCCACCCCCCTCC	TGACCTGACCTGACCTC	-
CBSCCCBCCNCHCCCCNCTCC	ZIC1_HUMAN.H11MO.0.B	-7	0.00236469	0.948241	0.0512924	9	CTGCCCTCCCCACCCCCCTCC	GACCACCCC	-
CBSCCCBCCNCHCCCCNCTCC	GATA1_HUMAN.H11MO.0.A	-4	0.00249881	1.00202	0.052696	17	CTGCCCTCCCCACCCCCCTCC	TCTTATCTGTCCCCGCCAG	-
CBSCCCBCCNCHCCCCNCTCC	GATA2_HUMAN.H11MO.0.A	-4	0.00324288	1.3004	0.066539	17	CTGCCCTCCCCACCCCCCTCC	CCTTATCTCCACCCCCCAG	-
CBSCCCBCCNCHCCCCNCTCC	ZN770_HUMAN.H11MO.0.C	1	0.00346572	1.38976	0.06924	21	CTGCCCTCCCCACCCCCCTCC	GATCCTCCCGCCTCAGCCTCCC	-
CBSCCCBCCNCHCCCCNCTCC	KLF9_HUMAN.H11MO.0.C	-6	0.00393206	1.57676	0.0765425	15	CTGCCCTCCCCACCCCCCTCC	GGCCACGCCCCCTCC	-
CBSCCCBCCNCHCCCCNCTCC	KLF5_HUMAN.H11MO.0.A	-2	0.00419253	1.68121	0.0795726	14	CTGCCCTCCCCACCCCCCTCC	CCCAGCCCCACCCT	-
CBSCCCBCCNCHCCCCNCTCC	ELF5_HUMAN.H11MO.0.A	-6	0.00495683	1.98769	0.091784	15	CTGCCCTCCCCACCCCCCTCC	CCACTTCCTCCTTCC	-
CBSCCCBCCNCHCCCCNCTCC	ZBT14_HUMAN.H11MO.0.C	-12	0.00656913	2.63422	0.118742	9	CTGCCCTCCCCACCCCCCTCC	GCGCGCTCC	-
CBSCCCBCCNCHCCCCNCTCC	ZSC22_HUMAN.H11MO.0.C	0	0.00677539	2.71693	0.119622	16	CTGCCCTCCCCACCCCCCTCC	CCTCCTCCCTCAGACC	-
CBSCCCBCCNCHCCCCNCTCC	IRF3_HUMAN.H11MO.0.B	-1	0.00712786	2.85827	0.122352	20	CTGCCCTCCCCACCCCCCTCC	TCACTTTCCCTTTCCCTTTC	-
CBSCCCBCCNCHCCCCNCTCC	NR1I3_HUMAN.H11MO.0.C	0	0.00725229	2.90817	0.122352	18	CTGCCCTCCCCACCCCCCTCC	CTGAACTTTCCTGACCCC	-
CBSCCCBCCNCHCCCCNCTCC	TFDP1_HUMAN.H11MO.0.C	-8	0.00757266	3.03664	0.124979	13	CTGCCCTCCCCACCCCCCTCC	TTTTCCCGCCCCCC	-
CBSCCCBCCNCHCCCCNCTCC	ZN816_HUMAN.H11MO.0.C	-2	0.00788433	3.16161	0.127354	19	CTGCCCTCCCCACCCCCCTCC	CCCTGCATGTCCCCCTTTTTT	-
CBSCCCBCCNCHCCCCNCTCC	MXI1_HUMAN.H11MO.0.A	-6	0.00822743	3.2992	0.130128	15	CTGCCCTCCCCACCCCCCTCC	CCCGCCGCCACGTGC	-
CBSCCCBCCNCHCCCCNCTCC	KLF1_HUMAN.H11MO.0.A	-2	0.00849525	3.40659	0.131622	14	CTGCCCTCCCCACCCCCCTCC	CCCGGCCCCGCCCC	-
CBSCCCBCCNCHCCCCNCTCC	ASCL1_HUMAN.H11MO.0.A	-4	0.0112676	4.5183	0.171083	14	CTGCCCTCCCCACCCCCCTCC	CTGCACCTGCTCCC	+
CBSCCCBCCNCHCCCCNCTCC	PTF1A_HUMAN.H11MO.0.B	1	0.0150075	6.01803	0.219333	17	CTGCCCTCCCCACCCCCCTCC	CCAGCTGCCCCCTTTCCC	+
CBSCCCBCCNCHCCCCNCTCC	MZF1_HUMAN.H11MO.0.B	-8	0.0150231	6.02427	0.219333	13	CTGCCCTCCCCACCCCCCTCC	CCCAATCCCCTCC	-
CBSCCCBCCNCHCCCCNCTCC	MBD2_HUMAN.H11MO.0.B	-4	0.0164446	6.59428	0.232271	11	CTGCCCTCCCCACCCCCCTCC	CCTCCGGCCCC	-
CBSCCCBCCNCHCCCCNCTCC	GABPA_HUMAN.H11MO.0.A	-7	0.0165384	6.63189	0.232271	14	CTGCCCTCCCCACCCCCCTCC	CCACTTCCGGTTCC	-
CBSCCCBCCNCHCCCCNCTCC	COT2_HUMAN.H11MO.0.A	-7	0.0168272	6.74771	0.232271	13	CTGCCCTCCCCACCCCCCTCC	CCTCTGACCTTTG	-
CBSCCCBCCNCHCCCCNCTCC	ETV5_HUMAN.H11MO.0.C	-6	0.0184099	7.38236	0.24958	14	CTGCCCTCCCCACCCCCCTCC	CTCACTTCCTGCTC	-
CBSCCCBCCNCHCCCCNCTCC	ETV2_HUMAN.H11MO.0.B	-5	0.019014	7.6246	0.253247	16	CTGCCCTCCCCACCCCCCTCC	CCCACTTCCTGTTTCC	-
CBSCCCBCCNCHCCCCNCTCC	SRBP1_HUMAN.H11MO.0.A	-8	0.0197884	7.93516	0.258376	11	CTGCCCTCCCCACCCCCCTCC	CTCACCCCACC	-
CBSCCCBCCNCHCCCCNCTCC	ATF6A_HUMAN.H11MO.0.B	-4	0.0200797	8.05197	0.258376	12	CTGCCCTCCCCACCCCCCTCC	CCACGTCACCAC	-
CBSCCCBCCNCHCCCCNCTCC	ITF2_HUMAN.H11MO.0.C	-12	0.0206235	8.27003	0.260951	9	CTGCCCTCCCCACCCCCCTCC	CCCAGCTGCC	-
CBSCCCBCCNCHCCCCNCTCC	KLF12_HUMAN.H11MO.0.C	-1	0.0210302	8.43309	0.261734	11	CTGCCCTCCCCACCCCCCTCC	GCCCCGCCCCT	-
CBSCCCBCCNCHCCCCNCTCC	ETS2_HUMAN.H11MO.0.B	-6	0.0248006	9.94506	0.303681	13	CTGCCCTCCCCACCCCCCTCC	TCCTCTTCCTTCC	-
AAAWRTTYKTGWTWG	ZN136_HUMAN.H11MO.0.C	9	0.000179441	0.071956	0.143912	15	AAATATTTTTGTTTG	TGCTGGATATAGTATTCTTGGTTG	+
AAAWRTTYKTGWTWG	SRY_HUMAN.H11MO.0.B	-6	0.00328414	1.31694	1	9	AAATATTTTTGTTTG	TTTTGTTTT	+
AAAWRTTYKTGWTWG	ANDR_HUMAN.H11MO.0.A	-3	0.00385847	1.54724	1	12	AAATATTTTTGTTTG	TGTTCTTTTTTGTTTGCT	+
AAAWRTTYKTGWTWG	SOX5_HUMAN.H11MO.0.C	-6	0.00609012	2.44214	1	8	AAATATTTTTGTTTG	TATTGTTA	+
AAAWRTTYKTGWTWG	PIT1_HUMAN.H11MO.0.C	-2	0.00710026	2.8472	1	13	AAATATTTTTGTTTG	ATATATTCATGAG	-
AAAWRTTYKTGWTWG	FOXJ3_HUMAN.H11MO.0.A	-2	0.008932	3.58173	1	13	AAATATTTTTGTTTG	TTGTTTATTTTTT	+
AAAWRTTYKTGWTWG	PBX2_HUMAN.H11MO.0.C	0	0.0100272	4.0209	1	15	AAATATTTTTGTTTG	TAAATTGATTGATGG	+
AAAWRTTYKTGWTWG	FOXP1_HUMAN.H11MO.0.A	-7	0.0108093	4.33453	1	8	AAATATTTTTGTTTG	TTTGTTTAT	+
AAAWRTTYKTGWTWG	FOXJ2_HUMAN.H11MO.0.C	-5	0.0131067	5.25577	1	10	AAATATTTTTGTTTG	TGTTTATTTA	+
AAAWRTTYKTGWTWG	HNF6_HUMAN.H11MO.0.B	-4	0.0136281	5.46487	1	11	AAATATTTTTGTTTG	TTTATTGATTT	+
AAAWRTTYKTGWTWG	SMCA1_HUMAN.H11MO.0.C	-3	0.0139483	5.59325	1	12	AAATATTTTTGTTTG	CATTCTTCTTGG	-
AAAWRTTYKTGWTWG	RUNX3_HUMAN.H11MO.0.A	-5	0.0179661	7.20439	1	10	AAATATTTTTGTTTG	TTTGTGGTTT	+
AAAWRTTYKTGWTWG	NFAC4_HUMAN.H11MO.0.C	0	0.0191119	7.66385	1	10	AAATATTTTTGTTTG	AAATTTTCCT	-
AAAWRTTYKTGWTWG	FOXI1_HUMAN.H11MO.0.B	-6	0.0195787	7.85107	1	9	AAATATTTTTGTTTG	CTCTGATTGGTC	+
AAAWRTTYKTGWTWG	HSF2_HUMAN.H11MO.0.A	1	0.0223359	8.95668	1	13	AAATATTTTTGTTTG	AGAATGTTCTAGAA	+
AAAWRTTYKTGWTWG	PRGR_HUMAN.H11MO.0.A	0	0.0225563	9.04507	1	15	AAATATTTTTGTTTG	AGAACATTCTGTTCTT	+
AAAWRTTYKTGWTWG	FOXQ1_HUMAN.H11MO.0.C	-3	0.0243974	9.78336	1	12	AAATATTTTTGTTTG	CATTGTTTATTT	+
TTAAGTWSAGAA	FOXC1_HUMAN.H11MO.0.C	1	0.00033953	0.136152	0.272303	12	TTAAGTACAGAA	CTTAAGTAAACAACG	-
TTAAGTWSAGAA	PRGR_HUMAN.H11MO.0.A	-2	0.000948226	0.380239	0.380239	10	TTAAGTACAGAA	AAGAACAGAATGTTCT	-
TTAAGTWSAGAA	PRRX2_HUMAN.H11MO.0.C	0	0.00619182	2.48292	1	7	TTAAGTACAGAA	TTAATTG	+
TTAAGTWSAGAA	FOXA3_HUMAN.H11MO.0.B	0	0.0101209	4.0585	1	12	TTAAGTACAGAA	CAAAGTAAACAAG	-
TTAAGTWSAGAA	TWST1_HUMAN.H11MO.0.A	3	0.0102754	4.12043	1	12	TTAAGTACAGAA	TAATTAAAACCAGATGT	-
TTAAGTWSAGAA	NKX31_HUMAN.H11MO.0.C	1	0.0114016	4.57205	1	11	TTAAGTACAGAA	GTTAAGTGCTTT	+
TTAAGTWSAGAA	RXRB_HUMAN.H11MO.0.C	-1	0.0135235	5.42291	1	10	TTAAGTACAGAA	TGAGGTCACA	+
TTAAGTWSAGAA	GATA2_HUMAN.H11MO.0.A	3	0.0136729	5.48285	1	12	TTAAGTACAGAA	CTGGGGGGTGGAGATAAGG	+
TTAAGTWSAGAA	RUNX3_HUMAN.H11MO.0.A	-1	0.0141059	5.65646	1	10	TTAAGTACAGAA	AAACCACAAA	-
TTAAGTWSAGAA	ERR3_HUMAN.H11MO.0.B	0	0.0174689	7.00502	1	9	TTAAGTACAGAA	TCAAGGTCA	+
TTAAGTWSAGAA	THA_HUMAN.H11MO.0.C	7	0.0183754	7.36854	1	10	TTAAGTACAGAA	GGGTCACTTCAGGTCAG	+
TTAAGTWSAGAA	HXB4_HUMAN.H11MO.0.B	0	0.0185595	7.44234	1	8	TTAAGTACAGAA	TTAATGGC	+
TTAAGTWSAGAA	DLX3_HUMAN.H11MO.0.C	1	0.0196194	7.86739	1	9	TTAAGTACAGAA	GATAATTACA	+
TTAAGTWSAGAA	NKX32_HUMAN.H11MO.0.C	0	0.0204265	8.19102	1	10	TTAAGTACAGAA	TTAAGTGTTT	+
TTAAGTWSAGAA	FOXA1_HUMAN.H11MO.0.A	1	0.0224387	8.99791	1	11	TTAAGTACAGAA	CCAAAGTAAACA	-
ATAMAAAGSTCAVTTCCMAWGATBNT	NR4A2_HUMAN.H11MO.0.C	-4	1.67041e-05	0.00669834	0.0133967	9	ATAAAAAGGTCACTTCCAAAGATGAT	AAAGGTCAC	+
ATAMAAAGSTCAVTTCCMAWGATBNT	NR4A1_HUMAN.H11MO.0.A	-4	6.21298e-05	0.0249141	0.0249141	9	ATAAAAAGGTCACTTCCAAAGATGAT	AAAGGTCAG	+
ATAMAAAGSTCAVTTCCMAWGATBNT	TF65_HUMAN.H11MO.0.A	-5	0.00317389	1.27273	0.718919	14	ATAAAAAGGTCACTTCCAAAGATGAT	CAGGGAATTTCCAG	+
ATAMAAAGSTCAVTTCCMAWGATBNT	TBP_HUMAN.H11MO.0.A	2	0.00485873	1.94835	0.718919	8	ATAAAAAGGTCACTTCCAAAGATGAT	CTATAAAAGG	+
ATAMAAAGSTCAVTTCCMAWGATBNT	NR6A1_HUMAN.H11MO.0.B	-5	0.00502029	2.01314	0.718919	13	ATAAAAAGGTCACTTCCAAAGATGAT	AAGTTCAAGGTCA	+
ATAMAAAGSTCAVTTCCMAWGATBNT	REL_HUMAN.H11MO.0.B	-3	0.00537844	2.15676	0.718919	15	ATAAAAAGGTCACTTCCAAAGATGAT	TGAAGGGAAATTCCA	+
ATAMAAAGSTCAVTTCCMAWGATBNT	RXRG_HUMAN.H11MO.0.B	0	0.00830397	3.32989	0.836245	13	ATAAAAAGGTCACTTCCAAAGATGAT	GGTCAAAGGTCAC	+
ATAMAAAGSTCAVTTCCMAWGATBNT	ZN317_HUMAN.H11MO.0.C	1	0.0100803	4.0422	0.836245	19	ATAAAAAGGTCACTTCCAAAGATGAT	GAATGACAGCTGACTTCTCA	+
ATAMAAAGSTCAVTTCCMAWGATBNT	FEZF1_HUMAN.H11MO.0.C	-2	0.0103032	4.13158	0.836245	12	ATAAAAAGGTCACTTCCAAAGATGAT	AAAAAGAGCAGC	-
ATAMAAAGSTCAVTTCCMAWGATBNT	NFKB1_HUMAN.H11MO.1.B	-7	0.0114219	4.58017	0.836245	11	ATAAAAAGGTCACTTCCAAAGATGAT	GGGAAATTCCC	+
ATAMAAAGSTCAVTTCCMAWGATBNT	NR1H3_HUMAN.H11MO.0.B	-3	0.0114697	4.59935	0.836245	19	ATAAAAAGGTCACTTCCAAAGATGAT	CAGAGGTCACTGCAGGTCA	+
ATAMAAAGSTCAVTTCCMAWGATBNT	ZN816_HUMAN.H11MO.0.C	0	0.0139338	5.58747	0.874929	21	ATAAAAAGGTCACTTCCAAAGATGAT	AAAAAAGGGGGACATGCAGGG	+
ATAMAAAGSTCAVTTCCMAWGATBNT	NR2E3_HUMAN.H11MO.0.C	2	0.0141821	5.68704	0.874929	12	ATAAAAAGGTCACTTCCAAAGATGAT	AAAGTCAAAAGTCA	+
ATAMAAAGSTCAVTTCCMAWGATBNT	THA_HUMAN.H11MO.0.C	-6	0.0159684	6.40332	0.91476	17	ATAAAAAGGTCACTTCCAAAGATGAT	GGGTCACTTCAGGTCAG	+
ATAMAAAGSTCAVTTCCMAWGATBNT	ERR2_HUMAN.H11MO.0.A	-3	0.0234246	9.39326	1	9	ATAAAAAGGTCACTTCCAAAGATGAT	TCAAGGTCA	+
ATAMAAAGSTCAVTTCCMAWGATBNT	PBX2_HUMAN.H11MO.0.C	-2	0.0237052	9.50577	1	15	ATAAAAAGGTCACTTCCAAAGATGAT	CCATCAATCAATTTA	-
TWWTWTAGMAGWAGCAARA	ZN418_HUMAN.H11MO.0.C	-6	0.00217037	0.870318	0.915556	13	TATTTTAGAAGTAGCAAGA	GGAAGAGGCTAAAAGCA	-
TWWTWTAGMAGWAGCAARA	OSR2_HUMAN.H11MO.0.C	-5	0.0032556	1.30549	0.915556	14	TATTTTAGAAGTAGCAAGA	CAGCAGAAGCAGCAGC	-
TWWTWTAGMAGWAGCAARA	STA5B_HUMAN.H11MO.0.A	0	0.00342477	1.37333	0.915556	12	TATTTTAGAAGTAGCAAGA	TTTCTTAGAAAT	+
TWWTWTAGMAGWAGCAARA	ZN257_HUMAN.H11MO.0.C	-9	0.00500745	2.00799	1	10	TATTTTAGAAGTAGCAAGA	AGAGGCAAGAGC	-
TWWTWTAGMAGWAGCAARA	MEF2A_HUMAN.H11MO.0.A	-3	0.00697382	2.7965	1	13	TATTTTAGAAGTAGCAAGA	GCTAAAAATAGAA	-
TWWTWTAGMAGWAGCAARA	MEF2C_HUMAN.H11MO.0.A	-3	0.00828063	3.32053	1	13	TATTTTAGAAGTAGCAAGA	GCTAAAAATAGCA	-
TWWTWTAGMAGWAGCAARA	MEF2D_HUMAN.H11MO.0.A	-4	0.0103237	4.13981	1	12	TATTTTAGAAGTAGCAAGA	CTAAAAATAGCA	-
TWWTWTAGMAGWAGCAARA	ZFP28_HUMAN.H11MO.0.C	1	0.0138982	5.57316	1	19	TATTTTAGAAGTAGCAAGA	TGACACAAGAAGAAATAGAA	-
TWWTWTAGMAGWAGCAARA	STA5A_HUMAN.H11MO.0.A	0	0.015891	6.37228	1	10	TATTTTAGAAGTAGCAAGA	TTTCCTAGAA	-
TWWTWTAGMAGWAGCAARA	STAT4_HUMAN.H11MO.0.A	0	0.016886	6.77128	1	11	TATTTTAGAAGTAGCAAGA	TTTCCTGGAAG	+
TWWTWTAGMAGWAGCAARA	HSF1_HUMAN.H11MO.0.A	-2	0.0198867	7.97456	1	15	TATTTTAGAAGTAGCAAGA	TTCTAGAACCTTCCA	-
TWWTWTAGMAGWAGCAARA	PRDM6_HUMAN.H11MO.0.C	-8	0.0220491	8.84168	1	11	TATTTTAGAAGTAGCAAGA	AAAAAGAAAAAAA	+
TWWTWTAGMAGWAGCAARA	TBP_HUMAN.H11MO.0.A	2	0.0229913	9.21949	1	8	TATTTTAGAAGTAGCAAGA	CCTTTTATAG	-
CCCGCSCCCGCCCSG	SP1_HUMAN.H11MO.0.A	1	2.3782e-06	0.000953657	0.00110733	15	CCCGCCCCCGCCCCG	CCCCCCCCCGGCCCCGCCCCCC	-
CCCGCSCCCGCCCSG	PATZ1_HUMAN.H11MO.0.C	8	3.09931e-06	0.00124282	0.00110733	14	CCCGCCCCCGCCCCG	CCTCCCCCCCCGCCCCCTCCCC	-
CCCGCSCCCGCCCSG	SP3_HUMAN.H11MO.0.B	1	5.13798e-06	0.00206033	0.00110733	15	CCCGCCCCCGCCCCG	CCCCGGCCCCGCCCCCCCCC	-
CCCGCSCCCGCCCSG	SP2_HUMAN.H11MO.0.A	8	5.69482e-06	0.00228362	0.00110733	14	CCCGCCCCCGCCCCG	CCCCCGGCCCCGCCCCCCCCCC	-
CCCGCSCCCGCCCSG	KLF1_HUMAN.H11MO.0.A	0	1.40883e-05	0.00564941	0.00219152	14	CCCGCCCCCGCCCCG	CCCGGCCCCGCCCC	-
CCCGCSCCCGCCCSG	KLF3_HUMAN.H11MO.0.B	0	2.96993e-05	0.0119094	0.00382083	15	CCCGCCCCCGCCCCG	CCCGGCCCCGCCCCTCCCC	-
CCCGCSCCCGCCCSG	EGR1_HUMAN.H11MO.0.A	2	3.43875e-05	0.0137894	0.00382083	15	CCCGCCCCCGCCCCG	CCCCCGCCCACGCCCTC	-
CCCGCSCCCGCCCSG	KLF15_HUMAN.H11MO.0.A	0	6.6586e-05	0.026701	0.00647364	15	CCCGCCCCCGCCCCG	CCCCCCCCTGCTCCTCCCC	-
CCCGCSCCCGCCCSG	SP4_HUMAN.H11MO.0.A	6	0.000147923	0.059317	0.0120313	14	CCCGCCCCCGCCCCG	CCCGGCCCCGCCCCCTTCCC	-
CCCGCSCCCGCCCSG	KLF6_HUMAN.H11MO.0.A	2	0.000154689	0.0620302	0.0120313	15	CCCGCCCCCGCCCCG	CCCCCGGCCCCGCCCTTCC	-
CCCGCSCCCGCCCSG	ZN281_HUMAN.H11MO.0.A	2	0.000184364	0.0739299	0.0130358	13	CCCGCCCCCGCCCCG	TCCCCTCCCCCACCC	-
CCCGCSCCCGCCCSG	WT1_HUMAN.H11MO.0.C	7	0.000238034	0.0954516	0.0154281	13	CCCGCCCCCGCCCCG	CCCCCCCTCCTCCCCCGCCC	-
CCCGCSCCCGCCCSG	ZBT17_HUMAN.H11MO.0.A	4	0.000390277	0.156501	0.0208169	15	CCCGCCCCCGCCCCG	CTTCCCCTCCCCCACCCTC	-
CCCGCSCCCGCCCSG	KLF12_HUMAN.H11MO.0.C	-4	0.00039289	0.157549	0.0208169	11	CCCGCCCCCGCCCCG	GCCCCGCCCCT	-
CCCGCSCCCGCCCSG	VEZF1_HUMAN.H11MO.0.C	1	0.000401469	0.160989	0.0208169	15	CCCGCCCCCGCCCCG	CCCCTCCCCCTCCCCCCTCCCC	-
CCCGCSCCCGCCCSG	EGR2_HUMAN.H11MO.0.A	1	0.000473971	0.190062	0.0230402	15	CCCGCCCCCGCCCCG	CCCCTCCCACACCCCCCC	-
CCCGCSCCCGCCCSG	ZN341_HUMAN.H11MO.0.C	6	0.000759475	0.304549	0.0347472	15	CCCGCCCCCGCCCCG	GCTCTTCCCTCCCCCCCCCCCC	-
CCCGCSCCCGCCCSG	ZN467_HUMAN.H11MO.0.C	8	0.000859983	0.344853	0.0371598	14	CCCGCCCCCGCCCCG	CCCCCCCCCCCCTCCCCTCCCC	-
CCCGCSCCCGCCCSG	E2F7_HUMAN.H11MO.0.B	-1	0.000961807	0.385685	0.0393722	13	CCCGCCCCCGCCCCG	CCTTTCCCGCCCC	-
CCCGCSCCCGCCCSG	KLF9_HUMAN.H11MO.0.C	3	0.00113544	0.455311	0.044156	12	CCCGCCCCCGCCCCG	GGCCACGCCCCCTCC	-
CCCGCSCCCGCCCSG	MAZ_HUMAN.H11MO.0.A	7	0.00124135	0.497782	0.045976	15	CCCGCCCCCGCCCCG	CCCCCCCCCCCCCCCCTCCCCC	-
CCCGCSCCCGCCCSG	E2F6_HUMAN.H11MO.0.A	-1	0.00169283	0.678824	0.0598474	13	CCCGCCCCCGCCCCG	CCCTTCCCGCCCC	-
CCCGCSCCCGCCCSG	AP2B_HUMAN.H11MO.0.B	-3	0.00214124	0.858639	0.0724092	10	CCCGCCCCCGCCCCG	GCCCCCGGGC	-
CCCGCSCCCGCCCSG	ZN770_HUMAN.H11MO.0.C	6	0.00267093	1.07104	0.0865579	15	CCCGCCCCCGCCCCG	GATCCTCCCGCCTCAGCCTCCC	-
CCCGCSCCCGCCCSG	E2F4_HUMAN.H11MO.0.A	4	0.00326391	1.30883	0.101544	9	CCCGCCCCCGCCCCG	ATTTCCCGCCCCC	-
CCCGCSCCCGCCCSG	USF2_HUMAN.H11MO.0.A	-2	0.00489468	1.96277	0.146422	13	CCCGCCCCCGCCCCG	CGCCGCGGCCACGTGACCC	-
CCCGCSCCCGCCCSG	MXI1_HUMAN.H11MO.0.A	0	0.0057516	2.30639	0.165684	15	CCCGCCCCCGCCCCG	CCCGCCGCCACGTGC	-
CCCGCSCCCGCCCSG	E2F1_HUMAN.H11MO.0.A	4	0.00687627	2.75738	0.180914	10	CCCGCCCCCGCCCCG	CTTTCCCGCCCCCC	-
CCCGCSCCCGCCCSG	ZFX_HUMAN.H11MO.0.A	0	0.00705348	2.82844	0.180914	10	CCCGCCCCCGCCCCG	CCAGGCCCCG	+
CCCGCSCCCGCCCSG	MBD2_HUMAN.H11MO.0.B	-4	0.00711088	2.85146	0.180914	11	CCCGCCCCCGCCCCG	CCTCCGGCCCC	-
CCCGCSCCCGCCCSG	KLF5_HUMAN.H11MO.0.A	0	0.00725274	2.90835	0.180914	14	CCCGCCCCCGCCCCG	CCCAGCCCCACCCT	-
CCCGCSCCCGCCCSG	CTCFL_HUMAN.H11MO.0.A	1	0.00744331	2.98477	0.180914	15	CCCGCCCCCGCCCCG	CGGCGCCCCCTGGCGGC	-
CCCGCSCCCGCCCSG	MYOG_HUMAN.H11MO.0.B	-1	0.010049	4.02966	0.236846	13	CCCGCCCCCGCCCCG	CCGCAGCTGTCCC	+
CCCGCSCCCGCCCSG	TFDP1_HUMAN.H11MO.0.C	4	0.0104755	4.20066	0.239635	10	CCCGCCCCCGCCCCG	TTTTCCCGCCCCCC	-
CCCGCSCCCGCCCSG	SRBP2_HUMAN.H11MO.0.B	0	0.0117851	4.72581	0.254616	13	CCCGCCCCCGCCCCG	CCTCACCCCACCC	-
CCCGCSCCCGCCCSG	ASCL1_HUMAN.H11MO.0.A	-1	0.0122239	4.90178	0.256959	14	CCCGCCCCCGCCCCG	CTGCACCTGCTCCC	+
CCCGCSCCCGCCCSG	COT1_HUMAN.H11MO.0.C	1	0.0129502	5.19304	0.265063	15	CCCGCCCCCGCCCCG	CCCTGACCTCTGACCCC	-
CCCGCSCCCGCCCSG	TAF1_HUMAN.H11MO.0.A	-1	0.0144237	5.7839	0.287652	14	CCCGCCCCCGCCCCG	CCGCCGCCGCCATCTT	-
CCCGCSCCCGCCCSG	NRF1_HUMAN.H11MO.0.A	0	0.0157374	6.31068	0.306004	15	CCCGCCCCCGCCCCG	CCTGCGCATGCGCAGTG	-
CCCGCSCCCGCCCSG	ZN263_HUMAN.H11MO.0.A	2	0.0165904	6.65274	0.314723	15	CCCGCCCCCGCCCCG	CTCCTCCTCTCCCTCCTCCC	-
CCCGCSCCCGCCCSG	SALL4_HUMAN.H11MO.0.B	0	0.0199781	8.0112	0.369964	10	CCCGCCCCCGCCCCG	CCCACCCTCC	-
ARWCCYCACASAVGC	VDR_HUMAN.H11MO.0.A	0	0.00301331	1.20834	1	15	AAACCCCACAGACGC	TGAACCCACTGACCCC	-
ARWCCYCACASAVGC	RUNX2_HUMAN.H11MO.0.A	2	0.00534573	2.14364	1	12	AAACCCCACAGACGC	ACAAACCACAGACA	-
ARWCCYCACASAVGC	GLI3_HUMAN.H11MO.0.B	0	0.00651899	2.61411	1	11	AAACCCCACAGACGC	GGACCACCCAG	-
ARWCCYCACASAVGC	CRX_HUMAN.H11MO.0.B	3	0.0067687	2.71425	1	10	AAACCCCACAGACGC	CCTAATCCTCTTA	-
ARWCCYCACASAVGC	COE1_HUMAN.H11MO.0.A	1	0.00709692	2.84586	1	14	AAACCCCACAGACGC	AAGTCCCCAGGGACC	+
ARWCCYCACASAVGC	RUNX1_HUMAN.H11MO.0.A	-1	0.00957802	3.84079	1	11	AAACCCCACAGACGC	GAAACCACAGA	-
ARWCCYCACASAVGC	PEBB_HUMAN.H11MO.0.C	-1	0.010853	4.35206	1	11	AAACCCCACAGACGC	CAAACCACAGA	-
ARWCCYCACASAVGC	RUNX3_HUMAN.H11MO.0.A	0	0.0134711	5.40192	1	10	AAACCCCACAGACGC	AAACCACAAA	-
ARWCCYCACASAVGC	FOXH1_HUMAN.H11MO.0.A	1	0.0146888	5.89022	1	8	AAACCCCACAGACGC	CAATCCACA	-
ARWCCYCACASAVGC	IKZF1_HUMAN.H11MO.0.C	-3	0.0168461	6.75527	1	8	AAACCCCACAGACGC	TCTCCCAA	-
ARWCCYCACASAVGC	ZN143_HUMAN.H11MO.0.A	5	0.0186869	7.49343	1	15	AAACCCCACAGACGC	GAACTACAATTCCCAGAATGCC	-
ARWCCYCACASAVGC	ZN768_HUMAN.H11MO.0.C	0	0.0201122	8.065	1	15	AAACCCCACAGACGC	GAGGCTCAGAGAGGTTAAGT	+
ARWCCYCACASAVGC	ZNF76_HUMAN.H11MO.0.C	3	0.0206849	8.29463	1	15	AAACCCCACAGACGC	ACTACAATTCCCAGAATGCCCC	-
ARWCCYCACASAVGC	ERR1_HUMAN.H11MO.0.A	2	0.0215823	8.65452	1	13	AAACCCCACAGACGC	CTCAAGGTCACACAG	+
CBMCTCTCAGGAA	STAT6_HUMAN.H11MO.0.B	-3	6.96249e-05	0.0279196	0.0558391	10	CCACTCTCAGGAA	TTCTCAGGAAA	+
CBMCTCTCAGGAA	STAT3_HUMAN.H11MO.0.A	-1	0.00207152	0.83068	0.83068	12	CCACTCTCAGGAA	CATTTCCCGGAA	+
CBMCTCTCAGGAA	BCL6_HUMAN.H11MO.0.A	0	0.00550033	2.20563	0.999999	13	CCACTCTCAGGAA	TGCTTTCTAGGAA	+
CBMCTCTCAGGAA	STAT1_HUMAN.H11MO.0.A	1	0.00896349	3.59436	0.999999	13	CCACTCTCAGGAA	CCCCTTTCCTGGAAATCAC	+
CBMCTCTCAGGAA	STAT4_HUMAN.H11MO.0.A	-3	0.0105318	4.22324	0.999999	10	CCACTCTCAGGAA	CTTCCAGGAAA	-
CBMCTCTCAGGAA	TEAD4_HUMAN.H11MO.0.A	-3	0.0167876	6.73181	0.999999	10	CCACTCTCAGGAA	ATGCCAGGAATGT	-
CBMCTCTCAGGAA	ZN436_HUMAN.H11MO.0.C	0	0.0208399	8.3568	0.999999	13	CCACTCTCAGGAA	CCTCCTCCAGGAAGCCTTCCCTGA	-
CBMCTCTCAGGAA	STA5A_HUMAN.H11MO.0.A	-4	0.024782	9.93758	0.999999	9	CCACTCTCAGGAA	TTCTAGGAAA	+
TCWTCTAAGAA	STA5A_HUMAN.H11MO.0.A	-2	0.000476089	0.190912	0.221098	9	TCATCTAAGAA	TTCTAGGAAA	+
TCWTCTAAGAA	STAT4_HUMAN.H11MO.0.A	-1	0.000669463	0.268455	0.221098	10	TCATCTAAGAA	CTTCCAGGAAA	-
TCWTCTAAGAA	STA5B_HUMAN.H11MO.0.A	0	0.000833327	0.334164	0.221098	11	TCATCTAAGAA	ATTTCTAAGAAA	-
TCWTCTAAGAA	TF7L1_HUMAN.H11MO.0.B	1	0.00346373	1.38896	0.519755	11	TCATCTAAGAA	AACATCAAAGGCA	-
TCWTCTAAGAA	BCL6_HUMAN.H11MO.0.A	2	0.00566384	2.2712	0.519755	11	TCATCTAAGAA	TGCTTTCTAGGAA	+
TCWTCTAAGAA	STAT6_HUMAN.H11MO.0.B	0	0.00616449	2.47196	0.519755	11	TCATCTAAGAA	TTTCCTGAGAA	-
TCWTCTAAGAA	TCF7_HUMAN.H11MO.0.A	4	0.00654112	2.62299	0.519755	11	TCATCTAAGAA	AACCACATCAAAGGAA	+
TCWTCTAAGAA	DUX4_HUMAN.H11MO.0.A	0	0.00695339	2.78831	0.519755	11	TCATCTAAGAA	TAACCTAATCA	-
TCWTCTAAGAA	ZN436_HUMAN.H11MO.0.C	2	0.00864622	3.46714	0.519755	11	TCATCTAAGAA	CCTCCTCCAGGAAGCCTTCCCTGA	-
TCWTCTAAGAA	GATA4_HUMAN.H11MO.0.A	0	0.00884824	3.54814	0.519755	10	TCATCTAAGAA	ACAGATAAGA	+
TCWTCTAAGAA	STAT3_HUMAN.H11MO.0.A	1	0.00892532	3.57905	0.519755	11	TCATCTAAGAA	CATTTCCCGGAA	+
TCWTCTAAGAA	GATA3_HUMAN.H11MO.0.A	0	0.00914189	3.6659	0.519755	11	TCATCTAAGAA	AAAGATAAGAA	+
TCWTCTAAGAA	ZN350_HUMAN.H11MO.0.C	4	0.0119747	4.80187	0.635427	11	TCATCTAAGAA	TAGGTCATAAAAGGACTG	-
TCWTCTAAGAA	ZN136_HUMAN.H11MO.0.C	-1	0.013132	5.26594	0.653285	10	TCATCTAAGAA	CAACCAAGAATACTATATCCAGCA	-
TCWTCTAAGAA	ALX1_HUMAN.H11MO.0.B	0	0.0146122	5.8595	0.684161	11	TCATCTAAGAA	TAATCCAATTAT	-
TCWTCTAAGAA	TF7L2_HUMAN.H11MO.0.A	2	0.01933	7.75135	0.841907	11	TCATCTAAGAA	CCACATCAAAGGG	-
TCWTCTAAGAA	HXA1_HUMAN.H11MO.0.C	-1	0.0206408	8.27697	0.841907	10	TCATCTAAGAA	CATCCATCAA	-
TCWTCTAAGAA	DBP_HUMAN.H11MO.0.B	1	0.023013	9.2282	0.841907	10	TCATCTAAGAA	GTTATGTAACA	+
TCWTCTAAGAA	ZN134_HUMAN.H11MO.0.C	3	0.02327	9.33126	0.841907	11	TCATCTAAGAA	GCCTCACCTAATCAGTTGAAGG	+
TCWTCTAAGAA	STAT1_HUMAN.H11MO.0.A	3	0.0246051	9.86665	0.851507	11	TCATCTAAGAA	GTGATTTCCAGGAAAGGGG	-
TGTGAAAT	BRAC_HUMAN.H11MO.0.A	12	0.000154526	0.0619651	0.12315	8	TGTGAAAT	TTAGCAGGGAGGTGTGAAAT	+
TGTGAAAT	CEBPA_HUMAN.H11MO.0.A	3	0.000706501	0.283307	0.281524	8	TGTGAAAT	GGTTGTGCAATC	+
TGTGAAAT	CEBPB_HUMAN.H11MO.0.A	3	0.00149438	0.599246	0.302472	8	TGTGAAAT	GATTGTGCAATA	+
TGTGAAAT	CEBPD_HUMAN.H11MO.0.C	3	0.00162808	0.652861	0.302472	8	TGTGAAAT	GGTTGTGCAAT	-
TGTGAAAT	ZNF18_HUMAN.H11MO.0.C	2	0.00189767	0.760967	0.302472	8	TGTGAAAT	GGTGTGAACTGG	+
TGTGAAAT	CEBPE_HUMAN.H11MO.0.A	1	0.00490452	1.96671	0.582741	8	TGTGAAAT	TTGCGCAATCTT	+
TGTGAAAT	STA5B_HUMAN.H11MO.0.A	4	0.00511847	2.05251	0.582741	8	TGTGAAAT	TTTCTTAGAAAT	+
TGTGAAAT	FOXH1_HUMAN.H11MO.0.A	0	0.00804342	3.22541	0.657559	8	TGTGAAAT	TGTGGATTG	+
TGTGAAAT	NFAC2_HUMAN.H11MO.0.B	0	0.00851061	3.41276	0.657559	8	TGTGAAAT	TGGAAAATT	+
TGTGAAAT	ZFP82_HUMAN.H11MO.0.C	12	0.010709	4.29433	0.657559	8	TGTGAAAT	GAAGAGAGAATTAGTGAAATGGAA	-
TGTGAAAT	TF65_HUMAN.H11MO.0.A	0	0.0107499	4.31071	0.657559	8	TGTGAAAT	CTGGAAATTCCCTG	-
TGTGAAAT	RXRB_HUMAN.H11MO.0.C	0	0.0117288	4.70324	0.657559	8	TGTGAAAT	TGTGACCTCA	-
TGTGAAAT	STAT3_HUMAN.H11MO.0.A	3	0.0122893	4.928	0.657559	8	TGTGAAAT	TTCCGGGAAATG	-
TGTGAAAT	NFKB1_HUMAN.H11MO.1.B	-1	0.0126695	5.08045	0.657559	7	TGTGAAAT	GGGAAATTCCC	+
TGTGAAAT	ZN317_HUMAN.H11MO.0.C	0	0.0138557	5.55615	0.657559	8	TGTGAAAT	TGAGAAGTCAGCTGTCATTC	-
TGTGAAAT	ZN528_HUMAN.H11MO.0.C	0	0.0138557	5.55615	0.657559	8	TGTGAAAT	TCAGAAATGGCTTCCCTGGG	-
TGTGAAAT	ZNF76_HUMAN.H11MO.0.C	9	0.0140265	5.62464	0.657559	8	TGTGAAAT	GGGGCATTCTGGGAATTGTAGT	+
TGTGAAAT	ZN143_HUMAN.H11MO.0.A	7	0.0173061	6.93974	0.748603	8	TGTGAAAT	GGCATTCTGGGAATTGTAGTTC	+
TGTGAAAT	ERR1_HUMAN.H11MO.0.A	3	0.0189274	7.58987	0.748603	8	TGTGAAAT	CTGTGTGACCTTGAG	-
TGTGAAAT	TBX21_HUMAN.H11MO.0.A	7	0.0191652	7.68526	0.748603	6	TGTGAAAT	GTGGAGGTGTGAA	+
TGTGAAAT	SUH_HUMAN.H11MO.0.A	4	0.0201791	8.0918	0.748603	7	TGTGAAAT	GGCGTGGGAAA	+
TGTGAAAT	REL_HUMAN.H11MO.0.B	3	0.0211476	8.4802	0.748603	8	TGTGAAAT	TGAAGGGAAATTCCA	+
TGTGAAAT	PRDM1_HUMAN.H11MO.0.A	3	0.0220371	8.83687	0.748603	8	TGTGAAAT	GAAAGTGAAAGTGA	+
TGTGAAAT	GFI1_HUMAN.H11MO.0.C	2	0.0225439	9.0401	0.748603	8	TGTGAAAT	GCTGTGATTT	+
ATCTAGARAA	STA5A_HUMAN.H11MO.0.A	0	0.00228789	0.917445	1	10	ATCTAGAGAA	TTCTAGGAAA	+
ATCTAGARAA	STAT6_HUMAN.H11MO.0.B	1	0.00437162	1.75302	1	10	ATCTAGAGAA	TTTCCTGAGAA	-
ATCTAGARAA	HSF2_HUMAN.H11MO.0.A	0	0.00822882	3.29976	1	10	ATCTAGAGAA	TTCTAGAACATTCT	-
ATCTAGARAA	TBP_HUMAN.H11MO.0.A	-2	0.0134714	5.40203	1	8	ATCTAGAGAA	CTATAAAAGG	+
ATCTAGARAA	HNF6_HUMAN.H11MO.0.B	2	0.0139433	5.59127	1	9	ATCTAGAGAA	AAATCAATAAA	-
ATCTAGARAA	STA5B_HUMAN.H11MO.0.A	2	0.0197622	7.92464	1	10	ATCTAGAGAA	ATTTCTAAGAAA	-
ATCTAGARAA	HSF1_HUMAN.H11MO.0.A	0	0.0214896	8.61732	1	10	ATCTAGAGAA	TTCTAGAACCTTCCA	-
ATCTAGARAA	STAT4_HUMAN.H11MO.0.A	1	0.0235784	9.45496	1	10	ATCTAGAGAA	CTTCCAGGAAA	-
ATAAWAT	HXA13_HUMAN.H11MO.0.C	3	0.000407382	0.16336	0.325906	7	ATAAAAT	CCAATAAAACC	-
ATAAWAT	HXB13_HUMAN.H11MO.0.A	4	0.00318544	1.27736	0.586644	6	ATAAAAT	GCCAATAAAA	-
ATAAWAT	ZN136_HUMAN.H11MO.0.C	8	0.00342064	1.37168	0.586644	7	ATAAAAT	TGCTGGATATAGTATTCTTGGTTG	+
ATAAWAT	EVI1_HUMAN.H11MO.0.B	8	0.00358827	1.4389	0.586644	7	ATAAAAT	AAGATAAGATAAGATA	+
ATAAWAT	HXC9_HUMAN.H11MO.0.C	4	0.0043895	1.76019	0.586644	6	ATAAAAT	GGCAATAAAA	-
ATAAWAT	OZF_HUMAN.H11MO.0.C	13	0.00439983	1.76433	0.586644	7	ATAAAAT	TTTTCATGGCTGCATAGTATTCCA	+
ATAAWAT	GATA6_HUMAN.H11MO.0.A	4	0.00592104	2.37434	0.644544	7	ATAAAAT	ACAGATAAGATAA	+
ATAAWAT	CDX2_HUMAN.H11MO.0.A	6	0.00644544	2.58462	0.644544	6	ATAAAAT	ACAGCAATAAAA	-
ATAAWAT	TBP_HUMAN.H11MO.0.A	2	0.0108239	4.34037	0.96212	7	ATAAAAT	CTATAAAAGG	+
ATAAWAT	ZN260_HUMAN.H11MO.0.C	13	0.0138059	5.53617	0.99523	7	ATAAAAT	TTTTTATGGCTGCATAGTATTCCA	+
ATAAWAT	ZNF8_HUMAN.H11MO.0.C	12	0.0143405	5.75055	0.99523	7	ATAAAAT	TGTGGTATATCCATACAATGGA	+
ATAAWAT	ZN586_HUMAN.H11MO.0.C	12	0.0157228	6.30485	0.99523	7	ATAAAAT	AGGCCTAGGAGGAAAAAATG	+
ATAAWAT	CDX1_HUMAN.H11MO.0.C	2	0.0186203	7.46674	0.99523	6	ATAAAAT	ACATAAAT	-
ATAAWAT	Z354A_HUMAN.H11MO.0.C	2	0.0186923	7.49559	0.99523	7	ATAAAAT	ACATTAAATGTAAATGGACTAAAT	-
ATAAWAT	HXA10_HUMAN.H11MO.0.C	2	0.0188905	7.57509	0.99523	7	ATAAAAT	TCATAAATCATC	-
ATAAWAT	ZN350_HUMAN.H11MO.0.C	6	0.0223927	8.97947	0.99523	7	ATAAAAT	TAGGTCATAAAAGGACTG	-
CTGCACCACGAYCAC	REST_HUMAN.H11MO.0.A	2	0.001074	0.430672	0.861345	15	CTGCACCACGACCAC	TTCAGCACCATGGACAGCGCCC	+
CTGCACCACGAYCAC	RFX3_HUMAN.H11MO.0.B	-2	0.00723945	2.90302	1	13	CTGCACCACGACCAC	TTACCATGGCAACC	-
CTGCACCACGAYCAC	ZBT17_HUMAN.H11MO.0.A	0	0.0128303	5.14494	1	15	CTGCACCACGACCAC	CTTCCCCTCCCCCACCCTC	-
CTGCACCACGAYCAC	ZBTB6_HUMAN.H11MO.0.C	0	0.016258	6.51947	1	13	CTGCACCACGACCAC	CGGCTCCAGCACC	-
CTGCACCACGAYCAC	KLF4_HUMAN.H11MO.0.A	-4	0.0179119	7.18268	1	10	CTGCACCACGACCAC	GCCACACCCT	-
CTGCACCACGAYCAC	ZN449_HUMAN.H11MO.0.C	-3	0.0223254	8.9525	1	11	CTGCACCACGACCAC	AAGCCCAACCA	-
AGASACATTCA	CLOCK_HUMAN.H11MO.0.C	1	0.00350895	1.40709	1	11	AGAGACATTCA	CAGACACGTGAACA	+
AGASACATTCA	ZN768_HUMAN.H11MO.0.C	7	0.0138314	5.54638	1	11	AGAGACATTCA	GAGGCTCAGAGAGGTTAAGT	+
AGASACATTCA	FOSL1_HUMAN.H11MO.0.A	2	0.0146304	5.86679	1	10	AGAGACATTCA	GGTGACTCATCC	-
AGASACATTCA	BMAL1_HUMAN.H11MO.0.A	0	0.0159675	6.40296	1	11	AGAGACATTCA	AGTCACGTGGC	-
AGASACATTCA	ZN816_HUMAN.H11MO.0.C	7	0.0160581	6.4393	1	11	AGAGACATTCA	AAAAAAGGGGGACATGCAGGG	+
AGASACATTCA	FOSL2_HUMAN.H11MO.0.A	2	0.0180088	7.22153	1	10	AGAGACATTCA	GATGACTCATCC	-
AGASACATTCA	REL_HUMAN.H11MO.0.B	3	0.0190787	7.65058	1	11	AGAGACATTCA	TGAAGGGAAATTCCA	+
AGASACATTCA	SMAD2_HUMAN.H11MO.0.A	1	0.0199713	8.0085	1	11	AGAGACATTCA	AGGTGACAGACA	-
TTMTTCCTCTYAMA	CRX_HUMAN.H11MO.0.B	1	9.63065e-05	0.0386189	0.0769484	12	TTCTTCCTCTCACA	CCTAATCCTCTTA	-
TTMTTCCTCTYAMA	Z354A_HUMAN.H11MO.0.C	2	0.00112173	0.449813	0.261142	14	TTCTTCCTCTCACA	ATTTAGTCCATTTACATTTAATGT	+
TTMTTCCTCTYAMA	NKX25_HUMAN.H11MO.0.B	-5	0.001298	0.520499	0.261142	8	TTCTTCCTCTCACA	CCTCTCCA	-
TTMTTCCTCTYAMA	PRDM6_HUMAN.H11MO.0.C	2	0.00130735	0.524249	0.261142	11	TTCTTCCTCTCACA	TTTTTTTCTTTTT	-
TTMTTCCTCTYAMA	ETS2_HUMAN.H11MO.0.B	2	0.00191695	0.768696	0.306326	11	TTCTTCCTCTCACA	TCCTCTTCCTTCC	-
TTMTTCCTCTYAMA	ZN586_HUMAN.H11MO.0.C	3	0.00328937	1.31904	0.438032	14	TTCTTCCTCTCACA	CATTTTTTCCTCCTAGGCCT	-
TTMTTCCTCTYAMA	OTX2_HUMAN.H11MO.0.A	1	0.00438125	1.75688	0.500085	10	TTCTTCCTCTCACA	GTTAATCCCCT	-
TTMTTCCTCTYAMA	ZN680_HUMAN.H11MO.0.C	2	0.00614904	2.46577	0.600652	14	TTCTTCCTCTCACA	CCTCATTCTTCTTGGACATG	-
TTMTTCCTCTYAMA	ETV4_HUMAN.H11MO.0.B	0	0.00676584	2.7131	0.600652	11	TTCTTCCTCTCACA	CCCTTCCTGTT	-
TTMTTCCTCTYAMA	CDX2_HUMAN.H11MO.0.A	2	0.0117489	4.7113	0.854509	10	TTCTTCCTCTCACA	TTTTATTGCTGT	+
TTMTTCCTCTYAMA	SMCA1_HUMAN.H11MO.0.C	2	0.0131348	5.26706	0.854509	10	TTCTTCCTCTCACA	CATTCTTCTTGG	-
TTMTTCCTCTYAMA	GATA2_HUMAN.H11MO.0.A	4	0.0136119	5.45837	0.854509	14	TTCTTCCTCTCACA	CCTTATCTCCACCCCCCAG	-
TTMTTCCTCTYAMA	ZN263_HUMAN.H11MO.0.A	0	0.0139032	5.5752	0.854509	14	TTCTTCCTCTCACA	CTCCTCCTCTCCCTCCTCCC	-
TTMTTCCTCTYAMA	ZSC22_HUMAN.H11MO.0.C	2	0.0168069	6.73957	0.921456	14	TTCTTCCTCTCACA	CCTCCTCCCTCAGACC	-
TTMTTCCTCTYAMA	ZFP28_HUMAN.H11MO.0.C	6	0.0180077	7.22109	0.921456	14	TTCTTCCTCTCACA	TTCTATTTCTTCTTGTGTCA	+
TTMTTCCTCTYAMA	HNF6_HUMAN.H11MO.0.B	1	0.0184523	7.39938	0.921456	10	TTCTTCCTCTCACA	TTTATTGATTT	+
TTMTTCCTCTYAMA	ZN264_HUMAN.H11MO.0.C	7	0.0204662	8.20694	0.950764	14	TTCTTCCTCTCACA	AATGGGATTAGTGCCCTTATAAGA	-
TTMTTCCTCTYAMA	IRF1_HUMAN.H11MO.0.A	1	0.0220307	8.8343	0.950764	14	TTCTTCCTCTCACA	TTACTTTCACTTTCATTTTC	-
TTMTTCCTCTYAMA	GATA1_HUMAN.H11MO.0.A	4	0.0226091	9.06623	0.950764	14	TTCTTCCTCTCACA	TCTTATCTGTCCCCGCCAG	-
AAATGA	STAT2_HUMAN.H11MO.0.A	4	0.000802578	0.321834	0.590014	6	AAATGA	AGGAAAATGAAACTGAAAG	+
AAATGA	IRF1_HUMAN.H11MO.0.A	2	0.00262246	1.05161	0.590014	6	AAATGA	GAAAATGAAAGTGAAAGTAA	+
AAATGA	THA_HUMAN.H11MO.0.C	8	0.00584522	2.34393	0.590014	6	AAATGA	CTGACCTGAAGTGACCC	-
AAATGA	ZN528_HUMAN.H11MO.0.C	4	0.00667212	2.67552	0.590014	6	AAATGA	TCAGAAATGGCTTCCCTGGG	-
AAATGA	ETV5_HUMAN.H11MO.0.C	7	0.0091614	3.67372	0.590014	6	AAATGA	GAGCAGGAAGTGAG	+
AAATGA	BATF3_HUMAN.H11MO.0.B	6	0.00919271	3.68627	0.590014	6	AAATGA	GAGTCATAATGAAACTG	-
AAATGA	Z354A_HUMAN.H11MO.0.C	11	0.00923913	3.70489	0.590014	6	AAATGA	ACATTAAATGTAAATGGACTAAAT	-
AAATGA	IRF2_HUMAN.H11MO.0.A	2	0.00958194	3.84236	0.590014	6	AAATGA	GAAAGTGAAAGTGAAAGTAA	+
AAATGA	BC11A_HUMAN.H11MO.0.A	8	0.0100749	4.04005	0.590014	6	AAATGA	AAAAGAGGAAGTGAAAA	+
AAATGA	GFI1_HUMAN.H11MO.0.C	0	0.0101217	4.05879	0.590014	6	AAATGA	AAATCACAGC	-
AAATGA	LEF1_HUMAN.H11MO.0.A	3	0.0101305	4.06235	0.590014	6	AAATGA	AGCAAATCAAAGGA	-
AAATGA	NF2L1_HUMAN.H11MO.0.C	-1	0.0108215	4.3394	0.590014	5	AAATGA	AATGACT	-
AAATGA	HXB4_HUMAN.H11MO.0.B	1	0.0112962	4.52977	0.590014	6	AAATGA	TTAATGGC	+
AAATGA	BATF_HUMAN.H11MO.0.A	7	0.0114361	4.58587	0.590014	6	AAATGA	ACTTTCGATATGACTCAT	+
AAATGA	MAFF_HUMAN.H11MO.0.B	2	0.0132061	5.29567	0.590014	6	AAATGA	AAAAATGCTGACTCAGCA	-
AAATGA	HXA9_HUMAN.H11MO.0.B	4	0.0145001	5.81454	0.590014	6	AAATGA	CCATAAATCAT	-
AAATGA	PO2F2_HUMAN.H11MO.0.A	6	0.0145001	5.81454	0.590014	5	AAATGA	ATATGCAAATG	+
AAATGA	SPI1_HUMAN.H11MO.0.A	1	0.0150565	6.03765	0.590014	6	AAATGA	AAAAAGAGGAAGTGAAA	+
AAATGA	FEZF1_HUMAN.H11MO.0.C	1	0.0153446	6.1532	0.590014	6	AAATGA	AAAAAGAGCAGC	-
AAATGA	ZFP42_HUMAN.H11MO.0.A	1	0.0153446	6.1532	0.590014	6	AAATGA	AAAATGGCTGCC	-
AAATGA	ZN214_HUMAN.H11MO.0.C	16	0.0172344	6.91099	0.590014	6	AAATGA	TCATCAAAGGCCTCAAAAAGGA	-
AAATGA	ZN680_HUMAN.H11MO.0.C	12	0.0177491	7.11739	0.590014	6	AAATGA	CATGTCCAAGAAGAATGAGG	+
AAATGA	PRDM1_HUMAN.H11MO.0.A	2	0.0177684	7.12513	0.590014	6	AAATGA	GAAAGTGAAAGTGA	+
AAATGA	FOXQ1_HUMAN.H11MO.0.C	0	0.0213337	8.5548	0.590014	6	AAATGA	AAATAAACAATG	-
AAATGA	MEIS1_HUMAN.H11MO.0.A	5	0.0213337	8.5548	0.590014	6	AAATGA	GCCATAAATCAT	-
AAATGA	ZN586_HUMAN.H11MO.0.C	15	0.0215456	8.6398	0.590014	5	AAATGA	AGGCCTAGGAGGAAAAAATG	+
AAATGA	GFI1B_HUMAN.H11MO.0.A	0	0.0216511	8.6821	0.590014	6	AAATGA	AAATCACAGC	-
AAATGA	SPIB_HUMAN.H11MO.0.A	1	0.0234647	9.40934	0.590014	6	AAATGA	AAAAAGAGGAAGTGAAA	+
AAATGA	IRF8_HUMAN.H11MO.0.B	8	0.0238841	9.57753	0.590014	6	AAATGA	AAAAGAGGAAGTGAAAGTAA	+
AAATGA	LHX3_HUMAN.H11MO.0.C	1	0.0241998	9.70414	0.590014	6	AAATGA	AAAATTAATTAAT	+
AACTSATGAA	ZN549_HUMAN.H11MO.0.C	9	0.000124544	0.049942	0.0996348	10	AACTGATGAA	GTGCTGCCCAATTCATGAAT	-
AACTSATGAA	LHX2_HUMAN.H11MO.0.A	0	0.00176955	0.70959	0.588881	10	AACTGATGAA	AACTAATTAAAA	-
AACTSATGAA	ZN134_HUMAN.H11MO.0.C	5	0.00259803	1.04181	0.588881	10	AACTGATGAA	CCTTCAACTGATTAGGTGAGGC	-
AACTSATGAA	ZNF85_HUMAN.H11MO.0.C	6	0.00294441	1.18071	0.588881	10	AACTGATGAA	ATAGAAAACTGAAGTAATCT	+
AACTSATGAA	PIT1_HUMAN.H11MO.0.C	-2	0.00548228	2.19839	0.600324	8	AACTGATGAA	CTCATGAATATAT	+
AACTSATGAA	CEBPG_HUMAN.H11MO.0.B	0	0.00579414	2.32345	0.600324	10	AACTGATGAA	GGATGATGCAAT	-
AACTSATGAA	ATF4_HUMAN.H11MO.0.A	0	0.00614239	2.4631	0.600324	10	AACTGATGAA	AGATGATGCAAT	+
AACTSATGAA	NF2L2_HUMAN.H11MO.0.A	0	0.00707698	2.83787	0.600324	10	AACTGATGAA	AACTGCTGAGTCAT	+
AACTSATGAA	TCF7_HUMAN.H11MO.0.A	1	0.00750405	3.00912	0.600324	10	AACTGATGAA	AACCACATCAAAGGAA	+
AACTSATGAA	STAT6_HUMAN.H11MO.0.B	0	0.0125943	5.05032	0.839621	10	AACTGATGAA	TTCTCAGGAAA	+
AACTSATGAA	NDF2_HUMAN.H11MO.0.B	0	0.0158409	6.35221	0.884612	9	AACTGATGAA	AACAGATGG	+
AACTSATGAA	PO3F2_HUMAN.H11MO.0.A	7	0.0171398	6.87307	0.884612	10	AACTGATGAA	GAATGAATATGCATGAA	-
AACTSATGAA	ZFP82_HUMAN.H11MO.0.C	8	0.0184004	7.37856	0.884612	10	AACTGATGAA	GAAGAGAGAATTAGTGAAATGGAA	-
AACTSATGAA	ZFP28_HUMAN.H11MO.0.C	1	0.0194218	7.78815	0.884612	10	AACTGATGAA	TGACACAAGAAGAAATAGAA	-
AACTSATGAA	HNF6_HUMAN.H11MO.0.B	0	0.0204698	8.20839	0.884612	10	AACTGATGAA	AAATCAATAAA	-
AACTSATGAA	MAF_HUMAN.H11MO.0.A	2	0.0210435	8.43845	0.884612	10	AACTGATGAA	GAATCTGCTGACTCAGCAA	+
AACTSATGAA	LHX3_HUMAN.H11MO.0.C	2	0.022537	9.03736	0.884612	10	AACTGATGAA	AAAATTAATTAAT	+
TTTGCACTGCT	FOXM1_HUMAN.H11MO.0.A	2	0.00103979	0.416956	0.779898	10	TTTGCACTGCT	TGTTTGCTTTGC	+
TTTGCACTGCT	FOXA2_HUMAN.H11MO.0.A	2	0.002699	1.0823	0.779898	10	TTTGCACTGCT	TGTTTACTTAGC	+
TTTGCACTGCT	ZSC31_HUMAN.H11MO.0.C	4	0.00291732	1.16985	0.779898	11	TTTGCACTGCT	CATAACTGCCCTGCTGCC	-
TTTGCACTGCT	PPARA_HUMAN.H11MO.0.B	5	0.00757467	3.03744	1	11	TTTGCACTGCT	TGACCTTTGCCCCAGTT	-
TTTGCACTGCT	OZF_HUMAN.H11MO.0.C	0	0.0078375	3.14284	1	11	TTTGCACTGCT	TTTTCATGGCTGCATAGTATTCCA	+
TTTGCACTGCT	PPARG_HUMAN.H11MO.0.A	5	0.012153	4.87337	1	11	TTTGCACTGCT	TGACCTTTGCCCCACTT	-
TTTGCACTGCT	PO3F1_HUMAN.H11MO.0.C	0	0.0140182	5.62129	1	11	TTTGCACTGCT	TTTGCATTACAATG	-
TTTGCACTGCT	CDX2_HUMAN.H11MO.0.A	-1	0.0144904	5.81066	1	10	TTTGCACTGCT	TTTTATTGCTGT	+
TTTGCACTGCT	HNF4G_HUMAN.H11MO.0.B	5	0.0145377	5.82962	1	9	TTTGCACTGCT	TGGACTTTGGACTC	-
TTTGCACTGCT	BC11A_HUMAN.H11MO.0.A	0	0.0166719	6.68543	1	11	TTTGCACTGCT	TTTTCACTTCCTCTTTT	-
TTTGCACTGCT	LEF1_HUMAN.H11MO.0.A	3	0.0193373	7.75427	1	11	TTTGCACTGCT	TCCTTTGATTTGCT	+
TTTGCACTGCT	FOXA1_HUMAN.H11MO.0.A	2	0.0196006	7.85985	1	10	TTTGCACTGCT	TGTTTACTTTGG	+
AGCTATTKTT	MEF2D_HUMAN.H11MO.0.A	0	1.58965e-05	0.00637451	0.0101635	10	AGCTATTGTT	TGCTATTTTTAG	+
AGCTATTKTT	MEF2C_HUMAN.H11MO.0.A	0	2.54728e-05	0.0102146	0.0101635	10	AGCTATTGTT	TGCTATTTTTAGC	+
AGCTATTKTT	MEF2A_HUMAN.H11MO.0.A	0	4.64897e-05	0.0186424	0.0123661	10	AGCTATTGTT	TTCTATTTTTAGC	+
AGCTATTKTT	MEF2B_HUMAN.H11MO.0.A	2	0.000124134	0.0497777	0.0247644	10	AGCTATTGTT	GTTGCTATTTTTGG	+
AGCTATTKTT	SOX17_HUMAN.H11MO.0.C	-1	0.000393584	0.157827	0.0628153	9	AGCTATTGTT	GCCATTGTTTT	+
AGCTATTKTT	SOX5_HUMAN.H11MO.0.C	-3	0.00132707	0.532153	0.176498	7	AGCTATTGTT	TATTGTTA	+
AGCTATTKTT	ZFP42_HUMAN.H11MO.0.A	3	0.00165837	0.665006	0.189052	9	AGCTATTGTT	GGCAGCCATTTT	+
AGCTATTKTT	ZN528_HUMAN.H11MO.0.C	8	0.0046837	1.87817	0.45138	10	AGCTATTGTT	CCCAGGGAAGCCATTTCTGA	+
AGCTATTKTT	SOX10_HUMAN.H11MO.0.B	6	0.00509081	2.04142	0.45138	10	AGCTATTGTT	CAAAGGAGGCATTGTT	+
AGCTATTKTT	FEZF1_HUMAN.H11MO.0.C	2	0.00656851	2.63397	0.52416	10	AGCTATTGTT	GCTGCTCTTTTT	+
AGCTATTKTT	ZN384_HUMAN.H11MO.0.C	-1	0.00990261	3.97095	0.664274	9	AGCTATTGTT	CCGATTTTTTCC	-
AGCTATTKTT	MYOD1_HUMAN.H11MO.0.A	2	0.00998922	4.00568	0.664274	10	AGCTATTGTT	GCAGCTGTTCCTGCC	+
AGCTATTKTT	SOX9_HUMAN.H11MO.0.B	5	0.012161	4.87656	0.746489	10	AGCTATTGTT	AAAGGGGCCTTTGTTC	+
AGCTATTKTT	SRY_HUMAN.H11MO.0.B	-3	0.0141759	5.68452	0.808014	7	AGCTATTGTT	TTTTGTTTT	+
AGCTATTKTT	TFAP4_HUMAN.H11MO.0.A	2	0.0166079	6.65976	0.817505	8	AGCTATTGTT	CCAGCTGTTT	+
AGCTATTKTT	FOXJ3_HUMAN.H11MO.0.A	2	0.0168705	6.76506	0.817505	10	AGCTATTGTT	TTGTTTATTTTTT	+
AGCTATTKTT	RFX5_HUMAN.H11MO.0.A	3	0.0174157	6.98371	0.817505	10	AGCTATTGTT	GTCAGCTGTTGCTAGGCAGA	+
AGCTATTKTT	MAFK_HUMAN.H11MO.0.A	9	0.0192069	7.70195	0.851494	9	AGCTATTGTT	TGCTGACTCAGCAATTTT	-
AGCTATTKTT	SOX3_HUMAN.H11MO.0.B	-1	0.0207294	8.3125	0.870625	9	AGCTATTGTT	GCCTTTGTCCC	+
AGCTATTKTT	LHX3_HUMAN.H11MO.0.C	3	0.0228505	9.16305	0.870924	10	AGCTATTGTT	ATTAATTAATTTT	-
AGCTATTKTT	LYL1_HUMAN.H11MO.0.A	2	0.0229193	9.19066	0.870924	10	AGCTATTGTT	CCAGCTGTTTCCTG	+
TTTWGAAT	NR2E3_HUMAN.H11MO.0.C	4	0.00101089	0.405369	0.810737	8	TTTAGAAT	TGACTTTTGACTTT	-
TTTWGAAT	ZN250_HUMAN.H11MO.0.C	10	0.00651377	2.61202	1	8	TTTAGAAT	TACCATGCTGTTTTGATTAC	+
TTTWGAAT	PO3F1_HUMAN.H11MO.0.C	5	0.0113103	4.53541	1	8	TTTAGAAT	TTTGCATTACAATG	-
TTTWGAAT	SRY_HUMAN.H11MO.0.B	0	0.0121062	4.85459	1	8	TTTAGAAT	TTTTGTTTT	+
TTTWGAAT	HSF2_HUMAN.H11MO.0.A	1	0.0128687	5.16036	1	8	TTTAGAAT	TTCTAGAACATTCT	-
TTTWGAAT	ZN136_HUMAN.H11MO.0.C	7	0.0143065	5.73691	1	8	TTTAGAAT	TGCTGGATATAGTATTCTTGGTTG	+
TTTWGAAT	PO2F2_HUMAN.H11MO.0.A	1	0.0191134	7.66447	1	8	TTTAGAAT	CATTTGCATAT	-
TTTWGAAT	NANOG_HUMAN.H11MO.0.A	0	0.0234628	9.40859	1	8	TTTAGAAT	ATTTGCATAACAAAGGA	-
TTTWGAAT	PO5F1_HUMAN.H11MO.0.A	0	0.0243335	9.75774	1	8	TTTAGAAT	ATTTGCATAACAAAGG	-
AAWCTTGAGCA	SIX2_HUMAN.H11MO.0.A	2	0.000593538	0.238009	0.476018	11	AAACTTGAGCA	TGAAACCTGAGAC	+
AAWCTTGAGCA	SIX1_HUMAN.H11MO.0.A	2	0.00556448	2.23136	1	11	AAACTTGAGCA	TGAAACCTGATACC	+
AAWCTTGAGCA	CEBPE_HUMAN.H11MO.0.A	0	0.00629962	2.52615	1	11	AAACTTGAGCA	AAGATTGCGCAA	-
AAWCTTGAGCA	RORG_HUMAN.H11MO.0.C	1	0.00908758	3.64412	1	11	AAACTTGAGCA	GAAAGTGGGTCA	+
AAWCTTGAGCA	GFI1B_HUMAN.H11MO.0.A	0	0.0121936	4.88965	1	10	AAACTTGAGCA	AAATCACAGC	-
AAWCTTGAGCA	CLOCK_HUMAN.H11MO.0.C	3	0.0124929	5.00963	1	11	AAACTTGAGCA	CAGACACGTGAACA	+
AAWCTTGAGCA	STF1_HUMAN.H11MO.0.B	1	0.0136421	5.47049	1	10	AAACTTGAGCA	TGGCCTTGAGC	-
AAWCTTGAGCA	DUX4_HUMAN.H11MO.0.A	0	0.0141696	5.68201	1	11	AAACTTGAGCA	TAACCTAATCA	-
AAWCTTGAGCA	PPARA_HUMAN.H11MO.0.B	-1	0.0145023	5.81544	1	10	AAACTTGAGCA	AACTGGGGCAAAGGTCA	+
AAWCTTGAGCA	FOXJ3_HUMAN.H11MO.0.A	1	0.0183166	7.34494	1	11	AAACTTGAGCA	AAAAAATAAACAA	-
AAWCTTGAGCA	NR6A1_HUMAN.H11MO.0.B	1	0.0183166	7.34494	1	11	AAACTTGAGCA	TGACCTTGAACTT	-
AAWCTTGAGCA	NR5A2_HUMAN.H11MO.0.B	1	0.018513	7.4237	1	10	AAACTTGAGCA	TGGCCTTGAAC	-
AATAWCCTT	ERR3_HUMAN.H11MO.0.B	-2	0.0141414	5.67069	1	7	AATAACCTT	TGACCTTGA	-
AATAWCCTT	NR1H3_HUMAN.H11MO.0.B	8	0.0168228	6.74594	1	9	AATAACCTT	TGACCTGCAGTGACCTCTG	-
AATAWCCTT	ERR2_HUMAN.H11MO.0.A	-2	0.020035	8.03403	1	7	AATAACCTT	TGACCTTGA	-
AATAWCCTT	ZNF8_HUMAN.H11MO.0.C	5	0.0211452	8.47923	1	9	AATAACCTT	TGTGGTATATCCATACAATGGA	+
AATAWCCTT	Z324A_HUMAN.H11MO.0.C	6	0.0214703	8.6096	1	9	AATAACCTT	TATCAAACCATCCTTTGCTGCCA	+
AATAWCCTT	ZN136_HUMAN.H11MO.0.C	10	0.0240163	9.63052	1	9	AATAACCTT	TGCTGGATATAGTATTCTTGGTTG	+
ATRAMGTAAT	ATF2_HUMAN.H11MO.0.B	0	0.000800464	0.320986	0.270748	10	ATGACGTAAT	ATGACGTCATC	-
ATRAMGTAAT	CREB1_HUMAN.H11MO.0.A	2	0.00108357	0.434514	0.270748	9	ATGACGTAAT	CGATGACGTCA	+
ATRAMGTAAT	ZNF85_HUMAN.H11MO.0.C	8	0.0020471	0.820888	0.270748	10	ATGACGTAAT	ATAGAAAACTGAAGTAATCT	+
ATRAMGTAAT	ATF4_HUMAN.H11MO.0.A	2	0.00240829	0.965723	0.270748	10	ATGACGTAAT	AGATGATGCAAT	+
ATRAMGTAAT	HLF_HUMAN.H11MO.0.C	2	0.0024727	0.991552	0.270748	10	ATGACGTAAT	CTGTTACGTAATC	-
ATRAMGTAAT	CEBPG_HUMAN.H11MO.0.B	2	0.00279529	1.12091	0.270748	10	ATGACGTAAT	GGATGATGCAAT	-
ATRAMGTAAT	ATF1_HUMAN.H11MO.0.B	2	0.00308465	1.23694	0.270748	9	ATGACGTAAT	CGGTGACGTCA	+
ATRAMGTAAT	DUX4_HUMAN.H11MO.0.A	-1	0.00352575	1.41382	0.270748	9	ATGACGTAAT	TAACCTAATCA	-
ATRAMGTAAT	ATF3_HUMAN.H11MO.0.A	1	0.00401225	1.60891	0.270748	10	ATGACGTAAT	GGTGACGTGAT	+
ATRAMGTAAT	LHX3_HUMAN.H11MO.0.C	3	0.00413755	1.65916	0.270748	10	ATGACGTAAT	AAAATTAATTAAT	+
ATRAMGTAAT	ZFP28_HUMAN.H11MO.0.C	6	0.00908723	3.64398	0.48039	10	ATGACGTAAT	TGACACAAGAAGAAATAGAA	-
ATRAMGTAAT	CREM_HUMAN.H11MO.0.C	2	0.0125106	5.01677	0.559149	9	ATGACGTAAT	CACTGACGTCA	+
ATRAMGTAAT	GATA6_HUMAN.H11MO.0.A	4	0.0126925	5.08968	0.559149	9	ATGACGTAAT	ACAGATAAGATAA	+
ATRAMGTAAT	PBX2_HUMAN.H11MO.0.C	-1	0.0160837	6.44957	0.637691	9	ATGACGTAAT	TAAATTGATTGATGG	+
ATRAMGTAAT	DBP_HUMAN.H11MO.0.B	0	0.0169243	6.78663	0.639064	10	ATGACGTAAT	GTTATGTAACA	+
ATRAMGTAAT	ALX1_HUMAN.H11MO.0.B	-1	0.0189578	7.60209	0.658814	9	ATGACGTAAT	TAATCCAATTAT	-
TWTTAWTT	TWST1_HUMAN.H11MO.0.A	8	0.000234873	0.0941839	0.182146	8	TATTAATT	ACATCTGGTTTTAATTA	+
TWTTAWTT	SRY_HUMAN.H11MO.0.B	0	0.000534459	0.214318	0.200703	8	TATTAATT	TTTTGTTTT	+
TWTTAWTT	HXA13_HUMAN.H11MO.0.C	2	0.000907849	0.364047	0.200703	8	TATTAATT	GGTTTTATTGG	+
TWTTAWTT	NKX61_HUMAN.H11MO.0.B	11	0.00128695	0.516066	0.200703	8	TATTAATT	GATTAATGGGAATTTAATG	+
TWTTAWTT	PRRX2_HUMAN.H11MO.0.C	-2	0.00129401	0.518896	0.200703	6	TATTAATT	TTAATTG	+
TWTTAWTT	LHX3_HUMAN.H11MO.0.C	2	0.0020164	0.808577	0.215822	8	TATTAATT	AAAATTAATTAAT	+
TWTTAWTT	HNF6_HUMAN.H11MO.0.B	2	0.00253194	1.01531	0.215822	8	TATTAATT	TTTATTGATTT	+
TWTTAWTT	SOX5_HUMAN.H11MO.0.C	0	0.00282651	1.13343	0.215822	8	TATTAATT	TATTGTTA	+
TWTTAWTT	ANDR_HUMAN.H11MO.0.A	7	0.00299205	1.19981	0.215822	8	TATTAATT	TGTTCTTTTTTGTTTGCT	+
TWTTAWTT	STAT2_HUMAN.H11MO.0.A	7	0.00348348	1.39687	0.215822	8	TATTAATT	CTTTCAGTTTCATTTTCCT	-
TWTTAWTT	FOXQ1_HUMAN.H11MO.0.C	4	0.00376742	1.51074	0.215822	8	TATTAATT	CATTGTTTATTT	+
TWTTAWTT	LHX2_HUMAN.H11MO.0.A	0	0.00399885	1.60354	0.215822	8	TATTAATT	TTTTAATTAGTT	+
TWTTAWTT	AIRE_HUMAN.H11MO.0.C	5	0.00417603	1.67459	0.215822	8	TATTAATT	ATTGGTTATATTGGTTAA	+
TWTTAWTT	ZFP28_HUMAN.H11MO.0.C	0	0.00430427	1.72601	0.215822	8	TATTAATT	TTCTATTTCTTCTTGTGTCA	+
TWTTAWTT	HXB13_HUMAN.H11MO.0.A	0	0.0044828	1.7976	0.215822	8	TATTAATT	TTTTATTGGC	+
TWTTAWTT	PIT1_HUMAN.H11MO.0.C	3	0.00475236	1.9057	0.215822	8	TATTAATT	ATATATTCATGAG	-
TWTTAWTT	HXC9_HUMAN.H11MO.0.C	0	0.00516883	2.0727	0.215822	8	TATTAATT	TTTTATTGCC	+
TWTTAWTT	CDX2_HUMAN.H11MO.0.A	0	0.00528763	2.12034	0.215822	8	TATTAATT	TTTTATTGCTGT	+
TWTTAWTT	FOXJ2_HUMAN.H11MO.0.C	1	0.0059356	2.38017	0.230156	8	TATTAATT	TGTTTATTTA	+
TWTTAWTT	MEF2A_HUMAN.H11MO.0.A	0	0.00732176	2.93603	0.270386	8	TATTAATT	TTCTATTTTTAGC	+
TWTTAWTT	MEF2B_HUMAN.H11MO.0.A	2	0.00847177	3.39718	0.298634	8	TATTAATT	GTTGCTATTTTTGG	+
TWTTAWTT	HNF1A_HUMAN.H11MO.0.C	3	0.00962044	3.8578	0.32438	8	TATTAATT	AGTTAATCATTAACC	-
TWTTAWTT	PO3F2_HUMAN.H11MO.0.A	8	0.0107718	4.31948	0.33222	8	TATTAATT	TTCATGCATATTCATTC	+
TWTTAWTT	FOXJ3_HUMAN.H11MO.0.A	2	0.0111664	4.47774	0.33222	8	TATTAATT	TTGTTTATTTTTT	+
TWTTAWTT	CDX1_HUMAN.H11MO.0.C	0	0.01122	4.49923	0.33222	8	TATTAATT	ATTTATGT	+
TWTTAWTT	HNF1B_HUMAN.H11MO.0.A	3	0.0116633	4.67699	0.33222	8	TATTAATT	GGTTAATGATTAACC	+
TWTTAWTT	LEF1_HUMAN.H11MO.0.A	3	0.0123394	4.94811	0.33222	8	TATTAATT	TCCTTTGATTTGCT	+
TWTTAWTT	ZN350_HUMAN.H11MO.0.C	6	0.0124233	4.98174	0.33222	8	TATTAATT	CAGTCCTTTTATGACCTA	+
TWTTAWTT	ZN250_HUMAN.H11MO.0.C	10	0.0138785	5.56526	0.335307	8	TATTAATT	TACCATGCTGTTTTGATTAC	+
TWTTAWTT	MEF2C_HUMAN.H11MO.0.A	0	0.013954	5.59557	0.335307	8	TATTAATT	TGCTATTTTTAGC	+
TWTTAWTT	TBP_HUMAN.H11MO.0.A	2	0.0142192	5.70189	0.335307	8	TATTAATT	CCTTTTATAG	-
TWTTAWTT	PRDM6_HUMAN.H11MO.0.C	3	0.0145824	5.84754	0.335307	8	TATTAATT	TTTTTTTCTTTTT	-
TWTTAWTT	HXB8_HUMAN.H11MO.0.C	2	0.0151032	6.0564	0.335307	8	TATTAATT	TTGATTAATGC	+
TWTTAWTT	HXB7_HUMAN.H11MO.0.C	2	0.0156436	6.27308	0.335307	8	TATTAATT	TTGATTAATG	+
TWTTAWTT	NOBOX_HUMAN.H11MO.0.C	-2	0.0160415	6.43264	0.335307	6	TATTAATT	CTAATTGGT	+
TWTTAWTT	DLX3_HUMAN.H11MO.0.C	-1	0.0164164	6.58296	0.335307	7	TATTAATT	TGTAATTATC	-
TWTTAWTT	ZFP82_HUMAN.H11MO.0.C	8	0.0171032	6.85838	0.335307	8	TATTAATT	TTCCATTTCACTAATTCTCTCTTC	+
TWTTAWTT	ALX1_HUMAN.H11MO.0.B	2	0.0175957	7.0559	0.335307	8	TATTAATT	TAATCCAATTAT	-
TWTTAWTT	IRF1_HUMAN.H11MO.0.A	10	0.0177272	7.1086	0.335307	8	TATTAATT	TTACTTTCACTTTCATTTTC	-
TWTTAWTT	FOXK1_HUMAN.H11MO.0.A	2	0.0189856	7.61323	0.35056	8	TATTAATT	TGTTTACTTT	+
TWTTAWTT	GATA3_HUMAN.H11MO.0.A	1	0.0219443	8.79967	0.379565	8	TATTAATT	TTCTTATCTTT	-
TWTTAWTT	MEF2D_HUMAN.H11MO.0.A	3	0.0220961	8.86055	0.379565	8	TATTAATT	TGCTATTTTTAG	+
TWTTAWTT	EVI1_HUMAN.H11MO.0.B	2	0.0222446	8.9201	0.379565	8	TATTAATT	TATCTTATCTTATCTT	-
TGAAATGT	TEAD1_HUMAN.H11MO.0.A	4	0.00300825	1.20631	1	8	TGAAATGT	TGGCTGGAATGT	-
TGAAATGT	Z354A_HUMAN.H11MO.0.C	3	0.0040125	1.60901	1	8	TGAAATGT	ACATTAAATGTAAATGGACTAAAT	-
TGAAATGT	TEAD4_HUMAN.H11MO.0.A	5	0.0051159	2.05147	1	8	TGAAATGT	ATGCCAGGAATGT	-
TGAAATGT	ZFP82_HUMAN.H11MO.0.C	14	0.00653935	2.62228	1	8	TGAAATGT	GAAGAGAGAATTAGTGAAATGGAA	-
TGAAATGT	THA_HUMAN.H11MO.0.C	6	0.00833407	3.34196	1	8	TGAAATGT	CTGACCTGAAGTGACCC	-
TGAAATGT	HSF1_HUMAN.H11MO.0.A	0	0.0122001	4.89225	1	8	TGAAATGT	TGGAAGGTTCTAGAA	+
TGAAATGT	ZN317_HUMAN.H11MO.0.C	0	0.0127362	5.10722	1	8	TGAAATGT	TGAGAAGTCAGCTGTCATTC	-
TGAAATGT	ZNF76_HUMAN.H11MO.0.C	11	0.0134437	5.39094	1	8	TGAAATGT	GGGGCATTCTGGGAATTGTAGT	+
TGAAATGT	RXRG_HUMAN.H11MO.0.B	2	0.0137113	5.49823	1	8	TGAAATGT	GGTCAAAGGTCAC	+
TGAAATGT	PO3F1_HUMAN.H11MO.0.C	3	0.0141853	5.6883	1	8	TGAAATGT	CATTGTAATGCAAA	+
TGAAATGT	NKX32_HUMAN.H11MO.0.C	0	0.0158951	6.37394	1	8	TGAAATGT	TTAAGTGTTT	+
TGAAATGT	SIX2_HUMAN.H11MO.0.A	0	0.0171662	6.88366	1	8	TGAAATGT	TGAAACCTGAGAC	+
TGAAATGT	ZN143_HUMAN.H11MO.0.A	9	0.0173061	6.93974	1	8	TGAAATGT	GGCATTCTGGGAATTGTAGTTC	+
TGAAATGT	NR2E3_HUMAN.H11MO.0.C	4	0.019756	7.92218	1	8	TGAAATGT	AAAGTCAAAAGTCA	+
TGAAATGT	STAT3_HUMAN.H11MO.0.A	5	0.0222022	8.90307	1	7	TGAAATGT	TTCCGGGAAATG	-
TGAAATGT	SIX1_HUMAN.H11MO.0.A	0	0.0232356	9.31747	1	8	TGAAATGT	TGAAACCTGATACC	+

# Tomtom (Motif Comparison Tool): Version 5.5.8 compiled on May 17 2025 at 17:04:34
# The format of this file is described at https://meme-suite.org/meme/doc/tomtom-output-format.html.
# tomtom -no-ssc -oc . -verbosity 1 -min-overlap 5 -dist pearson -evalue -thresh 10.0 meme.txt db/HUMAN/HOCOMOCOv11_core_HUMAN_mono_meme_format.meme
